Date & Time,Carbon Dioxide (PPM),Carbon Monoxide (PPM),Nitrogen Dioxide (PPM),Temperature (Deg C),Humidity (%RH),Barometric Pressure (mb),Relative Pressure (mb)
22/06/2018 - 16:58,516,0.62,28.97,29.8,52.24,903.81,1103.86
22/06/2018 - 16:58,495,0.52,30.93,29.98,52.62,903.8,1103.85
22/06/2018 - 16:59,456,0.63,28.25,30.16,52.56,903.91,1103.98
22/06/2018 - 16:59,427,0.66,28.79,30.24,52.46,903.9,1103.96
22/06/2018 - 17:00,408,0.49,30.57,30.35,52.31,903.91,1103.97
22/06/2018 - 17:00,356,0.49,32.44,30.61,51.98,903.86,1103.91
22/06/2018 - 17:01,349,0.52,31.97,30.86,51.7,903.89,1103.95
22/06/2018 - 17:01,354,0.52,35.64,31.03,51.46,903.86,1103.91
22/06/2018 - 17:02,354,0.48,34.48,31.21,51.24,903.88,1103.94
22/06/2018 - 17:02,348,0.51,31.24,31.34,51.1,903.9,1103.97
22/06/2018 - 17:03,342,0.17,32.87,31.45,51.09,903.83,1103.88
22/06/2018 - 17:03,348,0.14,33.18,31.6,50.99,903.86,1103.92
22/06/2018 - 17:04,345,0.61,40.27,31.66,50.98,903.79,1103.83
22/06/2018 - 17:05,342,0.440,33.500,31.960,51.030,903.830,1103.880
22/06/2018 - 17:06,341,0.560,27.580,32.050,50.860,903.770,1103.810
22/06/2018 - 17:06,319,0.580,28.080,32.130,50.720,903.790,1103.840
22/06/2018 - 17:07,316,0.570,31.840,32.190,50.620,903.790,1103.830
22/06/2018 - 17:07,319,0.530,63.280,32.250,50.540,903.800,1103.840
22/06/2018 - 17:08,332,0.500,29.010,32.310,50.270,903.750,1103.780
22/06/2018 - 17:08,335,0.610,48.360,32.410,50.120,903.770,1103.800
22/06/2018 - 17:09,339,0.680,33.360,32.470,50.060,903.760,1103.790
22/06/2018 - 17:09,334,0.540,35.560,32.470,49.990,903.770,1103.800
22/06/2018 - 17:10,329,0.510,31.700,32.530,49.920,903.770,1103.800
22/06/2018 - 17:10,343,0.560,33.300,32.570,49.880,903.750,1103.780
22/06/2018 - 17:11,401,0.590,33.410,32.640,49.710,903.740,1103.770
22/06/2018 - 17:11,381,0.540,32.480,32.720,49.340,903.720,1103.750
22/06/2018 - 17:12,357,0.140,31.900,32.760,49.080,903.770,1103.800
22/06/2018 - 17:12,343,0.520,35.700,32.840,48.850,903.780,1103.820
22/06/2018 - 17:13,352,0.580,39.520,32.930,48.640,903.770,1103.800
22/06/2018 - 17:13,357,0.200,36.720,32.850,48.570,903.820,1103.860
22/06/2018 - 17:14,349,0.160,31.330,32.880,48.510,903.790,1103.830
22/06/2018 - 17:14,331,0.650,32.120,32.930,48.530,903.820,1103.870
22/06/2018 - 17:15,348,0.660,39.000,32.990,48.500,903.830,1103.880
22/06/2018 - 17:15,303,0.630,36.660,33.030,48.430,903.850,1103.900
22/06/2018 - 17:16,281,0.390,38.250,33.070,48.420,903.880,1103.940
22/06/2018 - 17:16,327,0.620,37.570,33.090,48.350,903.840,1103.900
22/06/2018 - 17:17,335,0.580,37.840,33.100,48.180,903.830,1103.880
22/06/2018 - 17:17,301,0.600,35.380,33.140,48.050,903.850,1103.910
22/06/2018 - 17:18,327,0.640,36.690,33.180,48.020,903.790,1103.830
22/06/2018 - 17:18,343,0.610,63.250,33.160,48.020,903.830,1103.870
22/06/2018 - 17:19,352,0.570,30.480,33.180,47.910,903.790,1103.830
22/06/2018 - 17:19,342,0.620,30.040,33.180,47.850,903.830,1103.880
22/06/2018 - 17:20,320,0.610,30.680,33.260,47.760,903.740,1103.770
22/06/2018 - 17:20,334,0.630,30.710,33.270,47.730,903.730,1103.760
22/06/2018 - 17:21,359,0.630,31.110,33.310,47.730,903.800,1103.840
22/06/2018 - 17:21,324,0.630,35.220,33.320,47.730,903.780,1103.820
22/06/2018 - 17:22,329,0.600,35.830,33.310,47.730,903.750,1103.780
22/06/2018 - 17:22,344,0.170,35.160,33.270,47.870,903.710,1103.730
22/06/2018 - 17:23,357,0.620,37.400,33.310,47.800,903.750,1103.780
22/06/2018 - 17:23,352,0.600,39.310,33.350,47.690,903.760,1103.790
22/06/2018 - 17:24,344,0.550,32.490,33.390,47.520,903.690,1103.710
22/06/2018 - 17:24,344,0.140,33.740,33.340,47.290,903.720,1103.740
22/06/2018 - 17:25,338,0.560,33.830,33.400,47.150,903.710,1103.730
22/06/2018 - 17:25,353,0.610,32.810,33.420,47.080,903.700,1103.720
22/06/2018 - 17:26,301,0.590,31.700,33.430,47.250,903.670,1103.680
22/06/2018 - 17:27,396,0.800,33.820,33.460,47.310,903.700,1103.720
22/06/2018 - 17:27,379,0.660,34.750,33.490,47.310,903.700,1103.720
22/06/2018 - 17:28,374,0.590,36.090,33.530,47.340,903.650,1103.660
22/06/2018 - 17:29,363,0.610,33.090,33.550,47.310,903.660,1103.670
22/06/2018 - 17:29,360,0.620,33.690,33.560,47.270,903.670,1103.680
22/06/2018 - 17:31,341,0.250,34.040,33.590,47.340,903.680,1103.690
22/06/2018 - 17:31,352,0.600,35.080,33.570,47.270,903.680,1103.700
22/06/2018 - 17:32,350,0.660,37.190,33.600,47.340,903.770,1103.810
22/06/2018 - 17:32,357,0.600,37.860,33.610,47.310,903.760,1103.790
22/06/2018 - 17:33,359,0.600,35.940,33.610,47.310,903.740,1103.770
22/06/2018 - 17:33,356,0.510,35.030,33.620,47.270,903.710,1103.730
22/06/2018 - 17:34,351,0.560,32.430,33.660,47.200,903.760,1103.790
22/06/2018 - 17:34,347,0.560,35.470,33.630,47.240,903.680,1103.700
22/06/2018 - 17:35,350,0.570,36.030,33.640,47.240,903.710,1103.740
22/06/2018 - 17:35,356,0.630,32.220,33.650,47.200,903.700,1103.720
22/06/2018 - 17:36,358,0.690,32.500,33.630,47.200,903.690,1103.710
22/06/2018 - 17:36,368,0.680,36.030,33.670,47.260,903.700,1103.710
22/06/2018 - 17:37,369,0.680,30.500,33.650,47.270,903.700,1103.720
22/06/2018 - 17:37,365,0.670,30.360,33.680,47.330,903.770,1103.800
22/06/2018 - 17:38,366,0.650,31.240,33.700,47.260,903.710,1103.730
22/06/2018 - 17:38,374,0.570,31.160,33.700,47.260,903.800,1103.850
22/06/2018 - 17:39,313,0.550,31.810,33.710,47.300,903.720,1103.750
22/06/2018 - 17:39,329,0.530,32.220,33.690,47.230,903.770,1103.800
22/06/2018 - 17:40,337,0.570,32.610,33.710,47.090,903.770,1103.810
22/06/2018 - 17:40,296,0.650,36.110,33.720,47.050,903.730,1103.750
22/06/2018 - 17:41,314,0.530,35.470,33.770,46.990,903.820,1103.870
22/06/2018 - 17:41,330,0.180,36.990,33.750,46.850,903.790,1103.830
22/06/2018 - 17:42,347,0.670,35.910,33.750,46.780,903.770,1103.810
22/06/2018 - 17:42,347,0.590,37.090,33.750,46.750,903.780,1103.820
22/06/2018 - 17:43,343,0.570,40.750,33.750,46.780,903.790,1103.830
22/06/2018 - 17:43,339,0.150,30.880,33.750,46.780,903.810,1103.850
22/06/2018 - 17:44,351,0.450,31.900,33.760,46.720,903.790,1103.830
22/06/2018 - 17:44,346,0.590,35.900,33.750,46.650,903.750,1103.780
22/06/2018 - 17:45,348,0.560,33.540,33.710,46.750,903.830,1103.880
22/06/2018 - 17:45,342,0.160,33.630,33.720,46.780,903.900,1103.960
22/06/2018 - 17:46,330,0.530,33.900,33.700,46.850,903.870,1103.930
22/06/2018 - 17:46,343,0.570,33.580,33.720,46.890,903.850,1103.910
22/06/2018 - 17:47,348,0.540,34.670,33.800,46.720,903.890,1103.960
22/06/2018 - 17:47,343,0.550,32.760,33.800,46.750,903.830,1103.880
22/06/2018 - 17:48,342,0.150,32.420,33.750,46.890,903.860,1103.910
22/06/2018 - 17:48,346,0.600,32.590,33.730,46.850,903.800,1103.840
22/06/2018 - 17:49,363,0.600,63.560,33.740,46.750,903.850,1103.900
22/06/2018 - 17:49,352,0.790,36.660,33.770,46.680,903.800,1103.840
22/06/2018 - 17:50,347,0.520,40.200,33.710,45.930,903.870,1103.930
22/06/2018 - 17:51,353,0.600,36.450,33.790,45.830,903.890,1103.950
22/06/2018 - 17:51,354,0.580,33.430,33.780,46.030,903.850,1103.900
22/06/2018 - 17:52,359,0.630,34.300,33.790,46.170,903.820,1103.870
22/06/2018 - 17:52,354,0.570,36.290,33.730,46.270,903.890,1103.950
22/06/2018 - 17:53,352,0.620,37.180,33.790,46.270,903.820,1103.870
22/06/2018 - 17:53,366,0.610,36.330,33.780,46.340,903.830,1103.880
22/06/2018 - 17:54,373,0.600,39.330,33.800,46.270,903.790,1103.830
22/06/2018 - 17:54,369,0.610,36.630,33.770,46.210,903.790,1103.830
22/06/2018 - 17:55,371,0.170,38.850,33.780,46.170,903.790,1103.830
22/06/2018 - 17:55,313,0.590,33.920,33.750,46.140,903.750,1103.790
22/06/2018 - 17:56,340,0.680,38.830,33.770,46.070,903.790,1103.830
22/06/2018 - 17:56,346,0.740,36.010,33.790,46.100,903.780,1103.820
22/06/2018 - 17:57,348,0.210,36.870,33.790,46.140,903.830,1103.880
22/06/2018 - 17:57,355,0.680,34.660,33.800,46.170,903.790,1103.830
22/06/2018 - 17:58,323,0.770,39.030,33.770,46.240,903.770,1103.810
22/06/2018 - 17:58,328,0.770,31.510,33.770,46.340,903.820,1103.860
22/06/2018 - 17:59,348,0.710,31.600,33.750,46.410,903.800,1103.840
22/06/2018 - 17:59,358,0.690,31.700,33.770,46.440,903.870,1103.920
22/06/2018 - 18:00,349,0.640,34.920,33.750,46.540,903.850,1103.900
22/06/2018 - 18:00,346,0.640,31.830,33.750,46.610,903.810,1103.850
22/06/2018 - 18:01,344,0.660,34.030,33.760,46.650,903.810,1103.860
22/06/2018 - 18:01,351,0.630,32.810,33.790,46.610,903.830,1103.870
22/06/2018 - 18:02,358,0.600,40.210,33.790,46.540,903.870,1103.930
22/06/2018 - 18:02,356,0.650,35.210,33.790,46.410,903.810,1103.860
22/06/2018 - 18:03,352,0.590,35.250,33.820,46.340,903.820,1103.860
22/06/2018 - 18:03,349,0.350,33.670,33.810,46.270,903.860,1103.920
22/06/2018 - 18:04,358,0.190,30.170,33.800,46.270,903.880,1103.940
22/06/2018 - 18:04,356,0.660,33.920,33.800,46.240,903.890,1103.960
22/06/2018 - 18:05,352,0.720,33.720,33.810,46.210,903.900,1103.960
22/06/2018 - 18:05,352,0.170,30.100,33.840,46.190,903.940,1104.010
22/06/2018 - 18:06,346,0.190,30.470,33.840,46.030,903.960,1104.030
22/06/2018 - 18:06,353,0.590,30.930,33.840,45.960,903.930,1104.000
22/06/2018 - 18:07,360,0.530,31.710,33.830,45.830,904.000,1104.090
22/06/2018 - 18:07,341,0.530,31.050,33.790,45.730,903.920,1103.990
22/06/2018 - 18:08,342,0.540,33.620,33.780,45.760,903.940,1104.020
22/06/2018 - 18:08,342,0.650,34.230,33.780,45.830,903.910,1103.980
22/06/2018 - 18:09,350,0.540,36.520,33.790,45.590,903.940,1104.010
22/06/2018 - 18:09,348,0.510,34.440,33.780,45.080,903.940,1104.020
22/06/2018 - 18:10,349,0.500,36.770,33.760,44.600,903.990,1104.080
22/06/2018 - 18:10,343,0.520,36.390,33.750,44.430,904.020,1104.110
22/06/2018 - 18:11,300,0.540,35.770,33.760,44.400,904.000,1104.090
22/06/2018 - 18:11,322,0.630,36.090,33.760,44.400,903.940,1104.010
22/06/2018 - 18:12,334,0.630,33.910,33.730,44.400,903.960,1104.030
22/06/2018 - 18:12,305,0.160,34.820,33.760,44.500,903.990,1104.070
22/06/2018 - 18:13,318,0.590,30.740,33.780,44.570,904.020,1104.110
22/06/2018 - 18:13,340,0.570,35.720,33.790,44.600,903.970,1104.050
22/06/2018 - 18:14,337,0.570,34.320,33.780,44.640,903.980,1104.060
22/06/2018 - 18:14,331,0.180,37.620,33.780,44.800,903.950,1104.020
22/06/2018 - 18:15,334,0.580,35.480,33.770,44.980,903.990,1104.080
22/06/2018 - 18:15,341,0.600,38.070,33.690,45.080,903.950,1104.020
22/06/2018 - 18:16,356,0.570,34.880,33.800,44.940,903.980,1104.060
22/06/2018 - 18:16,362,0.520,36.730,33.760,44.770,904.040,1104.140
22/06/2018 - 18:17,362,0.540,34.350,33.750,44.670,904.010,1104.100
22/06/2018 - 18:17,309,0.550,35.030,33.720,44.640,903.960,1104.030
22/06/2018 - 18:18,329,0.590,38.090,33.730,44.640,903.960,1104.040
22/06/2018 - 18:18,334,0.560,41.470,33.700,44.700,903.990,1104.070
22/06/2018 - 18:19,324,0.650,35.360,33.710,44.840,904.010,1104.090
22/06/2018 - 18:19,333,0.550,34.170,33.670,44.820,904.000,1104.080
22/06/2018 - 18:20,344,0.550,42.100,33.670,44.540,904.020,1104.110
22/06/2018 - 18:20,343,0.550,39.300,33.720,44.600,904.040,1104.130
22/06/2018 - 18:21,362,0.210,33.760,33.700,44.640,904.040,1104.130
22/06/2018 - 18:21,352,0.560,41.380,33.730,44.740,904.040,1104.130
22/06/2018 - 18:22,345,0.540,41.640,33.760,44.840,904.050,1104.150
22/06/2018 - 18:22,355,0.530,36.760,33.710,45.050,904.030,1104.120
22/06/2018 - 18:23,346,0.140,34.930,33.670,45.150,904.110,1104.220
22/06/2018 - 18:23,345,0.380,34.950,33.660,45.060,904.070,1104.170
22/06/2018 - 18:24,361,0.560,38.590,33.730,45.010,904.170,1104.290
22/06/2018 - 18:24,356,0.540,35.620,33.670,44.840,904.090,1104.190
22/06/2018 - 18:25,311,0.140,35.910,33.630,44.850,904.110,1104.220
22/06/2018 - 18:25,274,0.520,38.110,33.640,44.540,904.120,1104.230
22/06/2018 - 18:26,313,0.520,41.650,33.650,44.310,904.070,1104.170
22/06/2018 - 18:26,326,0.540,35.320,33.690,44.290,904.150,1104.270
22/06/2018 - 18:27,335,0.160,37.410,33.730,44.290,904.140,1104.260
22/06/2018 - 18:27,343,0.520,37.350,33.730,44.260,904.180,1104.310
22/06/2018 - 18:28,356,0.510,37.070,33.750,44.430,904.250,1104.390
22/06/2018 - 18:28,365,0.540,38.250,33.740,44.570,904.290,1104.440
22/06/2018 - 18:29,362,0.560,37.350,33.660,44.680,904.300,1104.450
22/06/2018 - 18:29,350,0.580,38.520,33.640,44.850,904.250,1104.390
22/06/2018 - 18:30,359,0.580,36.230,33.590,45.090,904.220,1104.360
22/06/2018 - 18:30,358,0.560,37.190,33.460,45.510,904.200,1104.330
22/06/2018 - 18:31,363,0.560,38.300,33.480,45.920,904.240,1104.370
22/06/2018 - 18:31,361,0.570,38.200,33.480,45.920,904.160,1104.290
22/06/2018 - 18:32,360,0.560,35.180,33.500,45.850,904.260,1104.410
22/06/2018 - 18:32,370,0.570,41.010,33.540,45.840,904.230,1104.370
22/06/2018 - 18:33,372,0.570,38.740,33.560,45.800,904.270,1104.420
22/06/2018 - 18:33,369,0.150,38.910,33.590,45.730,904.190,1104.310
22/06/2018 - 18:34,367,0.560,36.840,33.600,45.700,904.250,1104.400
22/06/2018 - 18:34,298,0.540,38.690,33.610,45.730,904.230,1104.370
22/06/2018 - 18:35,322,0.510,39.160,33.620,45.940,904.220,1104.360
22/06/2018 - 18:35,498,0.140,39.130,33.540,46.280,904.200,1104.330
22/06/2018 - 18:36,401,0.520,37.720,33.510,46.350,904.130,1104.240
22/06/2018 - 18:36,387,0.520,43.260,33.520,46.390,904.190,1104.320
22/06/2018 - 18:37,365,0.510,39.130,33.500,46.600,904.160,1104.290
22/06/2018 - 18:37,318,0.160,38.490,33.450,46.760,904.160,1104.290
22/06/2018 - 18:38,330,0.650,38.890,33.440,47.080,904.140,1104.250
22/06/2018 - 18:38,340,0.630,40.720,33.450,47.280,904.170,1104.300
22/06/2018 - 18:39,351,0.590,38.330,33.440,47.340,904.130,1104.250
22/06/2018 - 18:39,357,0.550,39.100,33.440,47.380,904.180,1104.300
22/06/2018 - 18:40,359,0.670,40.540,33.430,47.410,904.150,1104.270
22/06/2018 - 18:40,351,0.580,39.340,33.410,47.550,904.180,1104.310
22/06/2018 - 18:41,355,0.560,39.420,33.370,47.690,904.140,1104.260
22/06/2018 - 18:41,367,0.590,38.060,33.360,47.760,904.230,1104.370
22/06/2018 - 18:42,371,0.620,40.670,33.370,47.760,904.210,1104.350
22/06/2018 - 18:42,378,0.650,40.110,33.330,47.790,904.180,1104.310
22/06/2018 - 18:43,373,0.600,40.010,33.360,47.690,904.210,1104.340
22/06/2018 - 18:43,318,0.670,37.880,33.360,47.620,904.250,1104.390
22/06/2018 - 18:44,333,0.190,39.240,33.350,47.620,904.240,1104.380
22/06/2018 - 18:44,349,0.650,40.360,33.370,47.590,904.240,1104.380
22/06/2018 - 18:45,356,0.650,42.290,33.370,47.550,904.270,1104.420
22/06/2018 - 18:45,367,0.620,41.430,33.390,47.590,904.250,1104.390
22/06/2018 - 18:46,321,0.200,42.050,33.250,47.560,904.290,1104.440
22/06/2018 - 18:46,341,0.660,42.270,33.280,47.430,904.270,1104.410
22/06/2018 - 18:47,334,0.640,43.290,33.280,47.500,904.330,1104.480
22/06/2018 - 18:47,348,0.610,42.350,33.310,47.700,904.400,1104.580
22/06/2018 - 18:48,351,0.690,43.300,33.290,47.900,904.370,1104.540
22/06/2018 - 18:48,363,0.620,43.070,33.350,47.970,904.440,1104.620
22/06/2018 - 18:49,352,0.610,42.430,33.330,48.000,904.480,1104.670
22/06/2018 - 18:49,361,0.620,45.570,33.250,48.000,904.520,1104.720
22/06/2018 - 18:50,375,0.670,44.220,33.280,48.070,904.570,1104.780
22/06/2018 - 18:50,375,0.690,42.790,33.320,48.070,904.520,1104.730
22/06/2018 - 18:51,382,0.600,42.000,33.320,48.070,904.520,1104.730
22/06/2018 - 18:51,380,0.570,44.210,32.840,48.120,904.540,1104.750
22/06/2018 - 18:52,365,0.580,42.230,33.000,48.120,904.610,1104.830
22/06/2018 - 18:52,364,0.570,44.120,33.000,48.190,904.590,1104.810
22/06/2018 - 18:53,355,0.620,43.800,33.000,48.300,904.630,1104.860
22/06/2018 - 18:53,353,0.600,44.810,33.050,48.250,904.550,1104.760
22/06/2018 - 18:54,353,0.570,41.960,32.830,48.470,904.610,1104.830
22/06/2018 - 18:54,355,0.590,41.920,32.910,48.530,904.540,1104.750
22/06/2018 - 18:55,346,0.570,42.580,32.930,48.600,904.600,1104.820
22/06/2018 - 18:55,359,0.570,43.090,32.970,48.570,904.600,1104.820
22/06/2018 - 18:56,358,0.520,42.660,32.810,48.780,904.670,1104.900
22/06/2018 - 18:57,0,0.000,0.000,0.000,0.000,0.000,0.000
22/06/2018 - 18:57,0,0.000,0.000,0.000,0.000,0.000,0.000
22/06/2018 - 18:58,0,0.000,0.000,0.000,0.000,0.000,0.000
22/06/2018 - 18:58,0,0.000,0.000,0.000,0.000,0.000,0.000
22/06/2018 - 18:59,0,0.000,0.000,0.000,0.000,0.000,0.000
22/06/2018 - 18:59,0,0.000,0.000,0.000,0.000,0.000,0.000
22/06/2018 - 19:00,0,0.000,0.000,0.000,0.000,0.000,0.000
22/06/2018 - 19:00,0,0.000,0.000,0.000,0.000,0.000,0.000
22/06/2018 - 19:01,0,0.000,0.000,0.000,0.000,0.000,0.000
25/06/2018 - 11:02,349,1.110,62.340,34.530,43.440,907.000,1107.750
25/06/2018 - 11:02,169,1.120,62.270,34.870,43.110,906.830,1107.550
25/06/2018 - 11:03,285,1.080,62.230,34.680,43.190,906.910,1107.640
25/06/2018 - 11:03,281,1.060,62.230,34.960,42.810,906.930,1107.670
25/06/2018 - 11:04,270,1.080,62.200,35.120,42.410,906.910,1107.630
25/06/2018 - 11:04,236,1.060,62.200,34.870,42.360,906.840,1107.560
25/06/2018 - 11:05,273,1.090,62.210,35.120,42.220,906.860,1107.580
25/06/2018 - 11:05,240,1.110,62.300,34.460,42.690,906.860,1107.580
25/06/2018 - 11:06,293,1.090,62.340,34.760,42.710,906.800,1107.510
25/06/2018 - 11:06,196,1.090,62.370,34.240,42.990,906.910,1107.650
25/06/2018 - 11:07,363,1.120,62.400,34.540,43.160,906.820,1107.530
25/06/2018 - 11:07,319,1.150,62.390,34.690,43.060,906.790,1107.500
25/06/2018 - 11:08,249,1.160,62.380,34.900,42.770,906.810,1107.520
25/06/2018 - 11:08,309,1.130,62.380,34.990,42.600,906.810,1107.520
25/06/2018 - 11:09,287,1.090,62.350,35.010,42.320,906.670,1107.340
25/06/2018 - 11:09,238,1.090,62.280,34.830,42.360,906.750,1107.450
25/06/2018 - 11:10,268,1.060,62.190,35.030,42.030,906.720,1107.410
25/06/2018 - 11:11,332,1.060,62.160,35.150,41.830,906.730,1107.420
25/06/2018 - 11:11,261,1.080,62.150,35.220,41.780,906.690,1107.370
25/06/2018 - 11:12,315,1.090,62.120,35.450,41.550,906.710,1107.400
25/06/2018 - 11:12,263,1.080,62.140,35.010,41.660,906.760,1107.460
25/06/2018 - 11:13,338,1.120,62.270,34.790,41.940,906.760,1107.460
25/06/2018 - 11:13,185,1.120,62.470,34.340,42.580,906.730,1107.420
25/06/2018 - 11:14,253,1.170,62.450,34.540,42.930,906.720,1107.410
25/06/2018 - 11:14,156,1.140,62.580,34.360,43.190,906.790,1107.490
25/06/2018 - 11:15,191,1.130,62.540,34.700,43.200,906.690,1107.370
25/06/2018 - 11:15,233,1.110,62.440,34.740,43.030,906.660,1107.340
25/06/2018 - 11:16,258,1.110,62.380,34.810,42.970,906.730,1107.420
25/06/2018 - 11:16,285,1.080,62.340,34.700,43.090,906.740,1107.440
25/06/2018 - 11:17,221,1.070,62.310,34.860,42.760,906.690,1107.370
25/06/2018 - 11:17,171,1.160,62.380,34.870,42.790,906.530,1107.180
25/06/2018 - 11:18,308,1.140,62.420,34.800,43.040,906.680,1107.360
25/06/2018 - 11:18,195,1.110,62.340,35.120,42.720,906.620,1107.290
25/06/2018 - 11:19,280,1.110,62.290,35.320,42.260,906.660,1107.330
25/06/2018 - 11:19,197,1.070,62.270,34.950,42.290,906.660,1107.330
25/06/2018 - 11:20,212,1.070,62.270,35.150,42.160,906.650,1107.320
25/06/2018 - 11:20,245,1.170,62.410,34.620,42.550,906.610,1107.280
25/06/2018 - 11:21,282,1.110,62.420,34.930,42.560,906.630,1107.300
25/06/2018 - 11:21,195,1.190,62.330,35.120,42.150,906.580,1107.240
25/06/2018 - 11:22,206,1.110,62.300,34.570,42.760,906.600,1107.260
25/06/2018 - 11:22,306,1.160,62.480,34.010,43.200,906.590,1107.250
25/06/2018 - 11:23,221,1.140,62.520,34.490,43.200,906.650,1107.320
25/06/2018 - 11:23,251,1.140,62.480,34.590,43.130,906.640,1107.310
25/06/2018 - 11:24,247,1.120,62.490,34.490,43.190,906.590,1107.250
25/06/2018 - 11:24,416,1.320,62.700,33.920,43.340,906.560,1107.220
25/06/2018 - 11:25,290,1.310,62.780,34.510,43.410,906.580,1107.230
25/06/2018 - 11:26,274,1.190,62.610,35.090,42.720,906.560,1107.220
25/06/2018 - 11:26,418,1.130,62.540,35.090,42.450,906.530,1107.180
25/06/2018 - 11:27,260,1.140,62.440,35.200,42.260,906.590,1107.250
25/06/2018 - 11:27,272,1.110,62.380,35.270,41.990,906.570,1107.230
25/06/2018 - 11:28,297,1.140,62.410,35.470,41.700,906.550,1107.200
25/06/2018 - 11:28,259,1.300,62.390,35.530,41.520,906.600,1107.260
25/06/2018 - 11:29,232,1.190,62.540,34.720,42.100,906.570,1107.230
25/06/2018 - 11:29,284,1.180,62.510,35.180,42.340,906.570,1107.230
25/06/2018 - 11:30,285,1.220,62.490,35.140,42.430,906.570,1107.220
25/06/2018 - 11:30,290,1.170,62.450,35.290,42.340,906.700,1107.380
25/06/2018 - 11:31,255,1.150,62.420,35.500,42.220,906.600,1107.260
25/06/2018 - 11:31,275,1.150,62.390,35.590,41.970,906.680,1107.360
25/06/2018 - 11:32,194,1.160,62.360,35.760,41.610,906.560,1107.210
25/06/2018 - 11:32,213,1.130,62.320,35.730,41.520,906.530,1107.180
25/06/2018 - 11:33,383,1.150,62.290,35.580,41.620,906.560,1107.210
25/06/2018 - 11:33,331,1.180,62.410,35.150,41.920,906.540,1107.190
25/06/2018 - 11:34,243,1.220,62.480,35.370,41.970,906.610,1107.280
25/06/2018 - 11:34,262,1.180,62.530,35.210,41.890,906.520,1107.160
25/06/2018 - 11:35,278,1.150,62.560,35.150,42.030,906.540,1107.190
25/06/2018 - 11:36,197,1.190,62.550,35.160,42.120,906.550,1107.200
25/06/2018 - 11:36,277,1.150,62.530,35.020,42.240,906.500,1107.140
25/06/2018 - 11:37,233,1.150,62.500,35.390,41.810,906.540,1107.190
25/06/2018 - 11:37,378,1.110,62.490,34.820,41.980,906.540,1107.190
25/06/2018 - 11:38,194,1.190,62.530,35.330,42.190,906.510,1107.160
25/06/2018 - 11:39,217,1.210,62.510,35.630,41.900,906.500,1107.140
25/06/2018 - 11:39,355,1.220,62.500,35.550,41.650,906.460,1107.090
25/06/2018 - 11:41,204,1.210,62.490,35.690,41.180,906.410,1107.030
25/06/2018 - 11:41,241,1.220,62.510,35.920,41.190,906.440,1107.070
25/06/2018 - 11:42,286,1.180,62.480,35.700,41.200,906.510,1107.160
25/06/2018 - 11:42,288,1.160,62.460,36.010,40.910,906.450,1107.080
25/06/2018 - 11:43,274,1.140,62.410,36.040,40.640,906.380,1106.990
25/06/2018 - 11:43,220,1.120,62.390,35.380,40.980,906.530,1107.180
25/06/2018 - 11:44,193,1.110,62.370,35.720,41.000,906.470,1107.100
25/06/2018 - 11:44,253,1.100,62.370,35.350,41.330,906.560,1107.210
25/06/2018 - 11:45,308,1.130,62.400,35.600,41.230,906.450,1107.070
25/06/2018 - 11:45,311,1.130,62.480,35.140,41.580,906.520,1107.160
25/06/2018 - 11:46,251,1.130,62.500,34.800,41.740,906.450,1107.070
25/06/2018 - 11:46,260,1.180,62.530,35.330,41.780,906.510,1107.160
25/06/2018 - 11:47,293,1.180,62.530,35.660,41.350,906.480,1107.110
25/06/2018 - 11:47,356,1.140,62.500,35.780,40.940,906.430,1107.060
25/06/2018 - 11:48,223,1.110,62.450,35.520,40.890,906.470,1107.110
25/06/2018 - 11:48,348,1.150,62.430,35.520,41.090,906.440,1107.070
25/06/2018 - 11:49,225,1.150,62.440,35.500,41.120,906.450,1107.070
25/06/2018 - 11:50,296,1.220,62.430,35.580,40.880,906.400,1107.020
25/06/2018 - 11:51,239,1.180,62.420,35.390,41.090,906.410,1107.030
25/06/2018 - 11:51,228,1.220,62.440,35.590,41.050,906.370,1106.980
25/06/2018 - 11:52,243,1.360,62.630,35.550,41.250,906.380,1107.000
25/06/2018 - 11:52,255,1.390,62.700,35.640,41.200,906.480,1107.110
25/06/2018 - 11:53,343,1.360,62.770,35.170,41.620,906.390,1107.000
25/06/2018 - 11:53,343,1.260,62.830,35.290,41.780,906.260,1106.840
25/06/2018 - 11:54,291,1.220,62.670,35.410,41.750,906.340,1106.940
25/06/2018 - 11:54,223,1.190,62.620,35.530,41.710,906.320,1106.920
25/06/2018 - 11:55,248,1.210,62.580,35.560,41.690,906.340,1106.950
25/06/2018 - 11:55,219,1.280,62.580,35.760,41.400,906.250,1106.840
25/06/2018 - 11:56,176,1.230,62.580,35.890,41.010,906.300,1106.900
25/06/2018 - 11:56,353,1.210,62.530,36.130,40.550,906.250,1106.840
25/06/2018 - 11:57,246,1.190,62.640,36.170,40.240,906.280,1106.870
25/06/2018 - 11:57,348,1.180,62.690,36.220,40.100,906.280,1106.870
25/06/2018 - 11:58,281,1.190,62.620,36.260,40.060,906.260,1106.850
25/06/2018 - 11:58,227,1.240,62.570,36.340,40.060,906.320,1106.920
25/06/2018 - 11:59,286,1.220,62.490,36.320,40.230,906.280,1106.880
25/06/2018 - 11:59,253,1.230,62.480,36.340,40.200,906.310,1106.910
25/06/2018 - 12:00,264,1.200,62.450,36.460,40.040,906.270,1106.850
25/06/2018 - 12:01,274,1.220,62.350,36.310,40.170,906.400,1107.020
25/06/2018 - 12:01,291,1.310,62.330,36.090,40.430,906.380,1107.000
25/06/2018 - 12:02,307,1.380,62.380,36.000,40.680,906.360,1106.970
25/06/2018 - 12:02,282,1.360,62.480,36.080,40.880,906.380,1107.000
25/06/2018 - 12:02,316,1.250,62.470,36.250,40.830,906.370,1106.980
25/06/2018 - 12:03,319,1.200,62.400,36.240,40.610,906.380,1106.990
25/06/2018 - 12:03,210,1.200,62.370,36.280,40.400,906.360,1106.960
25/06/2018 - 12:04,312,1.190,62.330,36.130,40.450,906.410,1107.030
25/06/2018 - 12:04,304,1.200,62.310,36.230,40.540,906.330,1106.940
25/06/2018 - 12:05,330,1.200,62.320,36.410,40.260,906.370,1106.980
25/06/2018 - 12:05,241,1.220,62.300,36.140,40.350,906.400,1107.020
25/06/2018 - 12:06,322,1.220,62.300,36.280,40.330,906.410,1107.030
25/06/2018 - 12:06,296,1.190,62.320,36.360,40.100,906.370,1106.980
25/06/2018 - 12:07,376,1.220,62.300,36.170,40.310,906.360,1106.970
25/06/2018 - 12:07,248,1.200,62.270,36.300,40.310,906.440,1107.070
25/06/2018 - 12:08,225,1.180,62.290,36.170,40.280,906.340,1106.950
25/06/2018 - 12:09,315,1.180,62.290,36.040,40.500,906.360,1106.960
25/06/2018 - 12:09,303,1.190,62.270,36.060,40.620,906.360,1106.970
25/06/2018 - 12:10,258,1.170,62.260,35.990,40.530,906.350,1106.960
25/06/2018 - 12:10,364,1.160,62.230,36.130,40.530,906.330,1106.940
25/06/2018 - 12:11,276,1.240,62.430,34.830,41.950,906.330,1106.930
25/06/2018 - 12:11,286,1.210,62.530,35.100,42.450,906.380,1106.990
25/06/2018 - 12:12,301,1.220,62.500,35.010,42.410,906.370,1106.980
25/06/2018 - 12:12,252,1.200,62.530,35.300,42.330,906.390,1107.010
25/06/2018 - 12:13,342,1.240,62.550,35.580,41.970,906.380,1107.000
25/06/2018 - 12:13,279,1.210,62.530,35.660,41.760,906.380,1106.990
25/06/2018 - 12:14,293,1.220,62.480,35.770,41.580,906.330,1106.930
25/06/2018 - 12:14,226,1.200,62.470,35.930,41.230,906.360,1106.970
25/06/2018 - 12:15,241,1.160,62.450,35.650,41.270,906.310,1106.910
25/06/2018 - 12:15,314,1.350,62.650,35.230,41.960,906.250,1106.830
25/06/2018 - 12:16,257,1.300,62.770,34.980,42.340,906.320,1106.930
25/06/2018 - 12:16,269,1.350,62.820,35.260,42.500,906.340,1106.940
25/06/2018 - 12:17,335,1.340,62.820,35.550,42.410,906.280,1106.880
25/06/2018 - 12:17,345,1.320,62.840,35.210,42.540,906.280,1106.870
25/06/2018 - 12:18,333,1.320,62.860,34.960,42.940,906.290,1106.890
25/06/2018 - 12:18,286,1.370,62.860,35.280,43.020,906.300,1106.890
25/06/2018 - 12:19,341,1.250,62.840,35.400,42.770,906.220,1106.800
25/06/2018 - 12:19,289,1.260,62.760,35.490,42.420,906.270,1106.860
25/06/2018 - 12:20,245,1.280,62.700,35.430,42.230,906.230,1106.810
25/06/2018 - 12:21,264,1.340,62.750,35.370,42.190,906.210,1106.790
25/06/2018 - 12:21,318,1.320,62.750,35.660,41.900,906.190,1106.760
25/06/2018 - 12:22,324,1.300,62.720,35.820,41.580,906.240,1106.820
25/06/2018 - 12:22,242,1.320,62.710,35.730,41.580,906.180,1106.750
25/06/2018 - 12:23,297,1.340,62.690,35.830,41.370,906.170,1106.730
25/06/2018 - 12:23,343,1.300,62.660,35.860,41.470,906.190,1106.760
25/06/2018 - 12:24,341,1.370,62.680,35.990,41.290,906.190,1106.760
25/06/2018 - 12:24,242,1.380,62.700,36.070,41.240,906.170,1106.730
25/06/2018 - 12:25,215,1.280,62.650,36.100,41.130,906.140,1106.700
25/06/2018 - 12:25,239,1.250,62.600,35.950,41.260,906.110,1106.660
25/06/2018 - 12:26,292,1.260,62.540,36.060,41.450,906.060,1106.600
25/06/2018 - 12:27,205,1.230,62.550,35.660,41.400,906.080,1106.630
25/06/2018 - 12:27,269,1.360,62.650,36.020,41.390,906.010,1106.540
25/06/2018 - 12:28,266,1.360,62.700,35.950,41.290,906.010,1106.540
25/06/2018 - 12:28,273,1.260,62.690,36.080,41.200,905.940,1106.450
25/06/2018 - 12:29,280,1.250,62.640,35.970,41.220,905.980,1106.500
25/06/2018 - 12:29,285,1.240,62.590,35.960,41.290,905.960,1106.480
25/06/2018 - 12:30,238,1.220,62.540,36.090,41.120,905.990,1106.510
25/06/2018 - 12:30,248,1.210,62.530,35.660,41.480,905.940,1106.450
25/06/2018 - 12:31,262,1.410,62.630,35.010,42.150,905.920,1106.440
25/06/2018 - 12:31,226,1.360,62.740,35.370,42.230,905.960,1106.480
25/06/2018 - 12:32,297,1.330,62.730,35.730,41.910,905.990,1106.510
25/06/2018 - 12:32,311,1.380,62.720,35.890,41.700,906.040,1106.570
25/06/2018 - 12:33,266,1.260,62.700,35.820,41.580,906.040,1106.580
25/06/2018 - 12:33,257,1.240,62.650,35.950,41.330,905.970,1106.500
25/06/2018 - 12:34,283,1.240,62.610,35.910,41.260,905.990,1106.510
25/06/2018 - 12:34,288,1.210,62.610,35.750,41.250,906.050,1106.590
25/06/2018 - 12:35,294,1.210,62.600,35.900,41.330,906.010,1106.540
25/06/2018 - 12:35,307,1.200,62.550,35.980,41.160,905.950,1106.460
25/06/2018 - 12:36,264,1.250,62.580,35.860,41.060,905.940,1106.460
25/06/2018 - 12:36,285,1.240,62.570,36.020,40.940,905.920,1106.430
25/06/2018 - 12:37,237,1.190,62.550,35.650,41.210,905.930,1106.450
25/06/2018 - 12:37,248,1.270,62.550,35.520,41.990,905.900,1106.410
25/06/2018 - 12:38,253,1.260,62.670,35.690,41.900,905.860,1106.360
25/06/2018 - 12:38,244,1.200,62.710,34.770,42.350,905.870,1106.370
25/06/2018 - 12:39,261,1.280,62.710,35.160,42.820,905.890,1106.390
25/06/2018 - 12:39,298,1.260,62.770,34.970,42.720,905.890,1106.400
25/06/2018 - 12:40,302,1.360,62.880,35.190,42.720,905.800,1106.290
25/06/2018 - 12:41,312,1.340,62.870,35.490,42.220,905.740,1106.210
25/06/2018 - 12:41,329,1.350,62.870,35.740,41.760,905.830,1106.320
25/06/2018 - 12:42,284,1.280,62.820,35.970,41.200,905.790,1106.270
25/06/2018 - 12:42,298,1.300,62.780,35.960,40.980,905.730,1106.200
25/06/2018 - 12:43,288,1.330,62.770,36.040,40.790,905.690,1106.150
25/06/2018 - 12:43,337,1.280,62.720,36.230,40.650,905.730,1106.210
25/06/2018 - 12:44,313,1.260,62.630,36.120,40.720,905.720,1106.180
25/06/2018 - 12:44,314,1.230,62.590,35.970,40.710,905.680,1106.130
25/06/2018 - 12:45,297,1.230,62.550,36.090,40.780,905.700,1106.160
25/06/2018 - 12:45,345,1.280,62.530,35.390,41.070,905.740,1106.220
25/06/2018 - 12:46,298,1.280,62.740,35.540,41.350,905.780,1106.250
25/06/2018 - 12:46,278,1.240,62.780,35.630,41.250,905.700,1106.160
25/06/2018 - 12:47,294,1.240,62.740,35.620,41.250,905.750,1106.230
25/06/2018 - 12:47,309,1.260,62.770,35.400,41.230,905.760,1106.230
25/06/2018 - 12:48,306,1.280,62.710,34.900,41.750,905.690,1106.150
25/06/2018 - 12:48,301,1.190,62.750,34.850,41.840,905.660,1106.110
25/06/2018 - 12:49,298,1.300,62.800,34.990,42.000,905.720,1106.180
25/06/2018 - 12:49,283,1.370,62.820,35.320,41.920,905.740,1106.210
25/06/2018 - 12:50,290,1.330,62.810,35.700,41.580,905.670,1106.130
25/06/2018 - 12:50,292,1.320,62.780,35.880,41.230,905.700,1106.160
25/06/2018 - 12:51,240,1.320,62.750,36.070,40.880,905.720,1106.180
25/06/2018 - 12:51,249,1.270,62.720,36.010,40.710,905.670,1106.130
25/06/2018 - 12:52,268,1.210,62.670,35.910,40.370,905.600,1106.050
25/06/2018 - 12:52,232,1.220,62.600,35.950,40.130,905.590,1106.030
25/06/2018 - 12:53,234,1.220,62.560,35.830,40.130,905.670,1106.130
25/06/2018 - 12:53,226,1.200,62.520,35.640,40.560,905.630,1106.080
25/06/2018 - 12:54,264,1.240,62.490,35.820,40.770,905.690,1106.150
25/06/2018 - 12:54,276,1.320,62.480,35.900,40.910,905.610,1106.050
25/06/2018 - 12:55,312,1.260,62.530,35.730,40.920,905.710,1106.180
25/06/2018 - 12:55,295,1.290,62.520,36.020,40.740,905.700,1106.160
25/06/2018 - 12:56,284,1.250,62.510,36.120,40.310,905.650,1106.100
25/06/2018 - 12:56,292,1.240,62.490,36.100,39.980,905.670,1106.130
25/06/2018 - 12:57,303,1.320,62.500,36.060,40.120,905.600,1106.040
25/06/2018 - 12:57,298,1.260,62.580,36.030,40.020,905.640,1106.090
25/06/2018 - 12:58,303,1.270,62.590,35.870,40.230,905.630,1106.080
25/06/2018 - 12:58,311,1.270,62.640,36.010,40.290,905.590,1106.020
25/06/2018 - 12:59,298,1.260,62.670,35.590,41.000,905.570,1106.010
25/06/2018 - 12:59,290,1.230,62.630,35.940,40.670,905.600,1106.040
25/06/2018 - 13:00,293,1.240,62.600,36.140,40.380,905.560,1105.990
25/06/2018 - 13:00,283,1.190,62.590,35.870,40.420,905.500,1105.920
25/06/2018 - 13:01,292,1.200,62.580,35.810,40.580,905.440,1105.850
25/06/2018 - 13:01,275,1.240,62.600,35.670,40.460,905.560,1105.990
25/06/2018 - 13:02,297,1.210,62.590,35.770,40.340,905.450,1105.850
25/06/2018 - 13:02,278,1.220,62.540,35.940,40.100,905.540,1105.970
25/06/2018 - 13:03,280,1.250,62.510,36.070,40.090,905.530,1105.960
25/06/2018 - 13:03,224,1.230,62.480,36.210,39.850,905.500,1105.920
25/06/2018 - 13:04,357,1.210,62.440,36.380,39.580,905.430,1105.830
25/06/2018 - 13:04,346,1.230,62.430,36.340,39.620,905.520,1105.940
25/06/2018 - 13:05,314,1.250,62.420,36.430,39.510,905.430,1105.830
25/06/2018 - 13:05,319,1.210,62.490,36.340,39.430,905.470,1105.880
25/06/2018 - 13:06,317,1.240,62.600,36.430,39.480,905.480,1105.900
25/06/2018 - 13:06,313,1.230,62.620,36.460,39.300,905.410,1105.810
25/06/2018 - 13:07,319,1.240,62.590,36.480,39.390,905.440,1105.840
25/06/2018 - 13:07,240,1.250,62.550,36.480,39.430,905.440,1105.840
25/06/2018 - 13:08,278,1.210,62.520,36.430,39.490,905.350,1105.730
25/06/2018 - 13:08,235,1.220,62.530,36.380,39.230,905.440,1105.850
25/06/2018 - 13:09,271,1.240,62.480,36.680,39.040,905.410,1105.810
25/06/2018 - 13:10,283,1.280,62.500,36.620,39.140,905.360,1105.750
25/06/2018 - 13:10,300,1.310,62.530,36.650,39.080,905.390,1105.790
25/06/2018 - 13:11,292,1.300,62.570,36.670,39.040,905.350,1105.740
25/06/2018 - 13:11,293,1.260,62.640,36.040,39.180,905.310,1105.680
25/06/2018 - 13:12,289,1.310,62.690,36.080,39.200,905.360,1105.750
25/06/2018 - 13:12,290,1.290,62.790,35.730,39.880,905.290,1105.660
25/06/2018 - 13:13,288,1.310,62.790,36.060,39.810,905.270,1105.630
25/06/2018 - 13:13,282,1.320,62.760,36.240,39.680,905.240,1105.600
25/06/2018 - 13:14,278,1.360,62.820,36.270,39.580,905.240,1105.600
25/06/2018 - 13:14,295,1.340,62.820,36.550,39.290,905.230,1105.590
25/06/2018 - 13:15,288,1.340,62.790,36.700,39.100,905.190,1105.540
25/06/2018 - 13:15,295,1.290,62.740,36.650,38.900,905.210,1105.560
25/06/2018 - 13:16,297,1.300,62.700,36.830,38.880,905.240,1105.600
25/06/2018 - 13:16,286,1.260,62.670,36.810,38.780,905.190,1105.550
25/06/2018 - 13:17,289,1.240,62.610,36.640,38.940,905.280,1105.650
25/06/2018 - 13:17,286,1.280,62.600,36.220,39.890,905.320,1105.700
25/06/2018 - 13:18,290,1.340,62.640,35.580,40.150,905.180,1105.530
25/06/2018 - 13:18,294,1.270,62.620,36.100,39.940,905.250,1105.610
25/06/2018 - 13:19,291,1.250,62.640,36.430,39.440,905.230,1105.590
25/06/2018 - 13:19,283,1.250,62.640,36.540,39.260,905.220,1105.580
25/06/2018 - 13:20,293,1.220,62.600,36.610,39.050,905.170,1105.510
25/06/2018 - 13:20,274,1.230,62.570,36.560,39.140,905.260,1105.630
25/06/2018 - 13:21,281,1.230,62.560,36.620,39.040,905.210,1105.560
25/06/2018 - 13:21,272,1.250,62.520,36.470,39.010,905.300,1105.670
25/06/2018 - 13:22,275,1.240,62.490,36.620,39.040,905.200,1105.550
25/06/2018 - 13:22,278,1.240,62.480,36.790,38.780,905.270,1105.630
25/06/2018 - 13:23,276,1.320,62.430,36.740,38.690,905.210,1105.560
25/06/2018 - 13:23,306,1.290,62.420,36.770,38.680,905.220,1105.570
25/06/2018 - 13:24,306,1.250,62.480,36.630,38.620,905.230,1105.590
25/06/2018 - 13:24,308,1.260,62.460,36.620,38.830,905.220,1105.580
25/06/2018 - 13:25,303,1.310,62.450,36.680,38.740,905.180,1105.520
25/06/2018 - 13:25,297,1.280,62.450,36.640,38.930,905.220,1105.580
25/06/2018 - 13:26,294,1.240,62.460,36.770,38.720,905.260,1105.630
25/06/2018 - 13:26,282,1.250,62.510,36.470,38.940,905.240,1105.600
25/06/2018 - 13:27,289,1.220,62.560,36.290,39.140,905.240,1105.600
25/06/2018 - 13:27,282,1.280,62.620,36.200,39.620,905.260,1105.630
25/06/2018 - 13:28,277,1.260,62.670,36.450,39.360,905.190,1105.540
25/06/2018 - 13:28,292,1.240,62.670,36.030,39.490,905.210,1105.570
25/06/2018 - 13:29,305,1.240,62.660,36.410,39.480,905.180,1105.530
25/06/2018 - 13:30,298,1.230,62.620,36.270,39.680,905.080,1105.400
25/06/2018 - 13:30,299,1.230,62.560,36.290,39.690,905.170,1105.510
25/06/2018 - 13:30,303,1.290,62.500,36.400,39.840,905.190,1105.540
25/06/2018 - 13:31,291,1.270,62.470,36.420,39.770,905.200,1105.560
25/06/2018 - 13:31,294,1.320,62.460,36.560,39.590,905.100,1105.430
25/06/2018 - 13:32,291,1.280,62.470,36.700,39.270,905.150,1105.490
25/06/2018 - 13:32,280,1.210,62.480,36.560,39.000,905.100,1105.430
25/06/2018 - 13:33,273,1.250,62.530,36.070,38.980,905.140,1105.480
25/06/2018 - 13:33,250,1.280,62.590,35.460,39.500,905.150,1105.490
25/06/2018 - 13:34,272,1.200,62.670,35.270,39.710,905.120,1105.460
25/06/2018 - 13:34,273,1.280,62.770,35.050,39.860,905.030,1105.350
25/06/2018 - 13:35,283,1.280,62.860,35.590,39.810,905.100,1105.430
25/06/2018 - 13:36,290,1.290,62.830,36.050,39.500,905.070,1105.390
25/06/2018 - 13:36,291,1.280,62.780,36.330,39.030,905.050,1105.370
25/06/2018 - 13:37,264,1.280,62.750,36.380,38.930,905.090,1105.420
25/06/2018 - 13:37,268,1.270,62.790,35.870,39.310,905.160,1105.500
25/06/2018 - 13:38,287,1.270,62.890,35.230,39.620,905.090,1105.420
25/06/2018 - 13:38,287,1.350,62.910,35.010,39.610,905.090,1105.420
25/06/2018 - 13:39,284,1.320,62.980,35.090,40.050,905.060,1105.380
25/06/2018 - 13:39,294,1.330,62.960,35.500,39.990,905.040,1105.360
25/06/2018 - 13:40,295,1.410,62.940,35.880,39.630,905.010,1105.320
25/06/2018 - 13:40,290,1.390,62.970,35.790,39.330,904.990,1105.300
25/06/2018 - 13:41,305,1.370,62.970,36.040,39.200,904.950,1105.250
25/06/2018 - 13:41,311,1.360,62.920,36.140,38.880,904.920,1105.210
25/06/2018 - 13:42,305,1.370,62.970,35.620,39.020,905.010,1105.320
25/06/2018 - 13:42,312,1.290,62.990,34.590,39.600,904.980,1105.290
25/06/2018 - 13:43,304,1.290,62.980,35.410,39.830,904.960,1105.260
25/06/2018 - 13:43,299,1.210,62.960,35.240,39.580,904.910,1105.200
25/06/2018 - 13:44,301,1.260,62.950,35.110,40.190,904.920,1105.220
25/06/2018 - 13:44,308,1.260,62.930,35.050,40.190,904.940,1105.240
25/06/2018 - 13:45,297,1.280,62.920,35.420,40.120,904.890,1105.170
25/06/2018 - 13:45,292,1.350,62.920,35.630,39.970,904.900,1105.190
25/06/2018 - 13:46,288,1.310,62.910,35.960,39.430,904.950,1105.250
25/06/2018 - 13:46,290,1.310,62.860,36.130,38.940,904.910,1105.200
25/06/2018 - 13:47,293,1.260,62.820,36.200,38.560,904.920,1105.210
25/06/2018 - 13:47,289,1.260,62.760,36.340,38.170,904.890,1105.170
25/06/2018 - 13:48,302,1.270,62.730,36.420,37.900,904.890,1105.180
25/06/2018 - 13:48,293,1.250,62.710,36.350,37.830,904.940,1105.240
25/06/2018 - 13:49,298,1.300,62.670,36.450,37.690,904.890,1105.180
25/06/2018 - 13:49,298,1.260,62.670,36.210,38.000,904.960,1105.260
25/06/2018 - 13:50,302,1.240,62.670,36.330,37.720,904.900,1105.190
25/06/2018 - 13:51,281,1.250,62.650,36.670,37.110,904.950,1105.250
25/06/2018 - 13:51,286,1.220,62.640,36.200,37.110,904.960,1105.260
25/06/2018 - 13:52,301,1.240,62.780,35.500,37.560,904.900,1105.190
25/06/2018 - 13:52,311,1.280,62.800,35.880,37.620,904.910,1105.200
25/06/2018 - 13:53,296,1.280,62.780,36.300,37.240,904.790,1105.050
25/06/2018 - 13:53,306,1.320,62.880,36.100,37.240,904.860,1105.140
25/06/2018 - 13:54,313,1.300,62.890,35.890,37.290,904.920,1105.210
25/06/2018 - 13:54,321,1.310,62.900,36.130,37.250,904.960,1105.260
25/06/2018 - 13:55,306,1.260,62.890,36.100,37.300,904.870,1105.150
25/06/2018 - 13:55,296,1.300,62.850,36.120,37.330,904.920,1105.210
25/06/2018 - 13:56,299,1.280,62.860,36.400,37.110,904.830,1105.100
25/06/2018 - 13:56,312,1.300,62.840,36.470,36.950,904.860,1105.140
25/06/2018 - 13:57,310,1.290,62.840,36.200,37.420,904.910,1105.200
25/06/2018 - 13:57,313,1.300,62.810,36.380,37.720,904.890,1105.170
25/06/2018 - 13:58,314,1.280,62.800,36.450,37.520,904.890,1105.170
25/06/2018 - 13:58,304,1.310,62.840,36.290,37.450,904.840,1105.110
25/06/2018 - 13:59,300,1.310,62.830,36.550,37.330,904.880,1105.160
25/06/2018 - 14:00,298,1.300,62.830,36.230,37.460,904.810,1105.080
25/06/2018 - 14:00,305,1.240,62.810,36.050,37.340,904.800,1105.060
25/06/2018 - 14:01,289,1.240,62.770,36.270,37.270,904.820,1105.090
25/06/2018 - 14:01,295,1.240,62.810,35.650,37.740,904.900,1105.190
25/06/2018 - 14:02,302,1.250,62.900,35.450,37.900,904.810,1105.080
25/06/2018 - 14:02,308,1.270,62.930,35.590,37.940,904.870,1105.150
25/06/2018 - 14:03,306,1.270,62.980,35.860,37.980,904.860,1105.140
25/06/2018 - 14:03,297,1.280,62.930,36.080,37.580,904.810,1105.070
25/06/2018 - 14:04,306,1.280,62.890,36.120,37.270,904.870,1105.150
25/06/2018 - 14:05,311,1.270,62.890,36.300,37.170,904.730,1104.980
25/06/2018 - 14:05,316,1.280,62.850,36.390,36.970,904.730,1104.980
25/06/2018 - 14:06,327,1.270,62.880,35.990,36.950,904.770,1105.020
25/06/2018 - 14:06,321,1.280,62.870,35.720,37.630,904.700,1104.950
25/06/2018 - 14:07,316,1.300,62.890,36.080,37.600,904.690,1104.930
25/06/2018 - 14:07,320,1.350,62.890,36.210,37.460,904.740,1105.000
25/06/2018 - 14:08,323,1.350,62.900,36.360,37.380,904.760,1105.020
25/06/2018 - 14:08,302,1.250,62.850,35.920,37.500,904.640,1104.860
25/06/2018 - 14:09,301,1.220,62.810,35.500,37.610,904.610,1104.830
25/06/2018 - 14:09,295,1.240,62.780,35.700,37.900,904.700,1104.940
25/06/2018 - 14:10,306,1.240,62.760,35.720,38.060,904.630,1104.850
25/06/2018 - 14:10,308,1.280,62.740,35.790,38.080,904.680,1104.910
25/06/2018 - 14:11,304,1.240,62.740,35.440,38.130,904.690,1104.930
25/06/2018 - 14:11,304,1.340,62.740,35.800,38.140,904.710,1104.950
25/06/2018 - 14:12,300,1.360,62.860,34.700,38.910,904.670,1104.910
25/06/2018 - 14:12,308,1.230,62.960,34.820,39.130,904.630,1104.850
25/06/2018 - 14:13,298,1.340,63.030,34.730,39.720,904.710,1104.960
25/06/2018 - 14:13,292,1.310,63.070,34.680,40.010,904.670,1104.900
25/06/2018 - 14:14,292,1.330,63.070,34.430,40.330,904.720,1104.970
25/06/2018 - 14:14,300,1.340,63.060,34.770,40.450,904.670,1104.900
25/06/2018 - 14:15,304,1.330,63.050,34.930,40.520,904.670,1104.910
25/06/2018 - 14:15,316,1.270,63.000,35.060,40.330,904.620,1104.850
25/06/2018 - 14:16,309,1.300,62.950,35.450,39.780,904.660,1104.900
25/06/2018 - 14:16,311,1.330,62.900,35.790,39.210,904.690,1104.930
25/06/2018 - 14:17,315,1.280,62.870,35.990,38.820,904.720,1104.960
25/06/2018 - 14:17,312,1.260,62.840,35.840,38.660,904.660,1104.890
25/06/2018 - 14:18,304,1.280,62.850,36.130,38.440,904.690,1104.930
25/06/2018 - 14:18,302,1.240,62.820,36.220,38.010,904.650,1104.880
25/06/2018 - 14:19,310,1.220,62.770,35.860,37.620,904.720,1104.970
25/06/2018 - 14:19,303,1.250,62.700,36.190,37.570,904.620,1104.840
25/06/2018 - 14:20,300,1.250,62.660,36.400,37.380,904.580,1104.800
25/06/2018 - 14:20,304,1.240,62.630,36.500,37.270,904.630,1104.850
25/06/2018 - 14:21,296,1.250,62.610,36.580,37.140,904.590,1104.810
25/06/2018 - 14:21,286,1.260,62.570,36.580,37.130,904.660,1104.890
25/06/2018 - 14:22,292,1.270,62.540,36.690,37.010,904.610,1104.830
25/06/2018 - 14:22,290,1.240,62.560,36.480,37.170,904.600,1104.820
25/06/2018 - 14:23,286,1.220,62.540,36.340,37.590,904.600,1104.810
25/06/2018 - 14:23,287,1.260,62.550,36.620,37.590,904.560,1104.770
25/06/2018 - 14:24,290,1.220,62.600,36.040,37.560,904.570,1104.780
25/06/2018 - 14:24,304,1.430,62.830,36.020,38.120,904.650,1104.880
25/06/2018 - 14:25,313,1.350,62.910,35.720,38.490,904.630,1104.850
25/06/2018 - 14:25,314,1.390,62.930,36.270,38.450,904.560,1104.770
25/06/2018 - 14:26,307,1.370,62.940,36.430,38.170,904.550,1104.760
25/06/2018 - 14:26,305,1.330,62.910,36.480,37.930,904.600,1104.820
25/06/2018 - 14:27,297,1.300,62.910,36.330,37.850,904.560,1104.770
25/06/2018 - 14:27,288,1.320,62.870,36.480,37.710,904.530,1104.740
25/06/2018 - 14:28,301,1.290,62.850,36.590,37.350,904.520,1104.730
25/06/2018 - 14:28,296,1.260,62.800,36.720,37.010,904.460,1104.650
25/06/2018 - 14:29,306,1.280,62.780,36.640,36.850,904.540,1104.750
25/06/2018 - 14:29,305,1.330,62.830,36.610,37.050,904.460,1104.640
25/06/2018 - 14:30,305,1.420,62.900,36.700,37.050,904.460,1104.650
25/06/2018 - 14:30,311,1.380,62.910,36.650,36.950,904.500,1104.700
25/06/2018 - 14:31,311,1.410,62.900,36.690,37.050,904.530,1104.730
25/06/2018 - 14:31,314,1.420,62.890,36.830,36.940,904.520,1104.720
25/06/2018 - 14:32,263,1.410,62.890,36.560,37.270,904.550,1104.760
25/06/2018 - 14:32,278,1.430,62.920,36.180,37.450,904.450,1104.630
25/06/2018 - 14:33,282,1.370,62.940,36.220,37.500,904.510,1104.710
25/06/2018 - 14:33,295,1.400,62.930,36.380,37.720,904.510,1104.710
25/06/2018 - 14:34,304,1.470,62.990,35.900,37.850,904.470,1104.660
25/06/2018 - 14:34,312,1.320,62.980,35.990,37.820,904.480,1104.670
25/06/2018 - 14:35,302,1.330,62.950,36.180,37.430,904.520,1104.720
25/06/2018 - 14:35,300,1.390,62.940,36.470,37.040,904.460,1104.640
25/06/2018 - 14:36,300,1.400,62.960,36.520,36.920,904.450,1104.640
25/06/2018 - 14:36,296,1.390,62.930,36.540,36.820,904.510,1104.710
25/06/2018 - 14:37,346,1.320,62.920,36.510,36.730,904.500,1104.700
25/06/2018 - 14:37,330,1.320,62.890,36.330,37.040,904.440,1104.620
25/06/2018 - 14:38,318,1.270,62.880,36.160,37.270,904.420,1104.600
25/06/2018 - 14:38,314,1.280,62.860,36.250,37.660,904.450,1104.640
25/06/2018 - 14:39,293,1.280,62.870,36.240,37.690,904.450,1104.630
25/06/2018 - 14:39,293,1.290,62.910,35.630,37.700,904.430,1104.610
25/06/2018 - 14:40,306,1.310,62.890,36.060,37.550,904.420,1104.600
25/06/2018 - 14:40,305,1.340,62.890,36.380,37.350,904.430,1104.610
25/06/2018 - 14:41,298,1.320,62.870,36.330,37.350,904.430,1104.610
25/06/2018 - 14:41,298,1.250,62.860,36.570,37.110,904.370,1104.540
25/06/2018 - 14:42,304,1.310,62.840,36.640,36.870,904.310,1104.460
25/06/2018 - 14:42,299,1.330,62.830,36.810,36.690,904.320,1104.470
25/06/2018 - 14:43,303,1.260,62.830,36.430,36.900,904.290,1104.450
25/06/2018 - 14:43,299,1.300,62.830,36.200,37.590,904.380,1104.560
25/06/2018 - 14:44,288,1.290,62.800,36.500,37.450,904.380,1104.550
25/06/2018 - 14:44,295,1.290,62.770,36.430,37.400,904.420,1104.600
25/06/2018 - 14:45,296,1.270,62.770,36.630,37.280,904.310,1104.460
25/06/2018 - 14:45,292,1.260,62.760,36.830,36.770,904.290,1104.440
25/06/2018 - 14:46,301,1.280,62.710,36.620,36.770,904.270,1104.420
25/06/2018 - 14:46,300,1.290,62.690,36.810,36.620,904.280,1104.430
25/06/2018 - 14:47,310,1.270,62.690,36.880,36.480,904.220,1104.350
25/06/2018 - 14:47,309,1.270,62.710,36.460,37.090,904.270,1104.410
25/06/2018 - 14:48,309,1.290,62.690,36.740,37.010,904.280,1104.420
25/06/2018 - 14:48,307,1.280,62.700,36.460,37.230,904.230,1104.360
25/06/2018 - 14:49,306,1.350,62.680,36.590,37.280,904.250,1104.400
25/06/2018 - 14:49,301,1.390,62.770,36.080,37.690,904.220,1104.350
25/06/2018 - 14:50,305,1.400,62.910,36.440,37.680,904.200,1104.330
25/06/2018 - 14:50,297,1.330,62.880,36.640,37.370,904.200,1104.330
25/06/2018 - 14:51,310,1.350,62.850,36.600,37.130,904.190,1104.320
25/06/2018 - 14:51,300,1.330,62.820,36.680,37.080,904.200,1104.330
25/06/2018 - 14:52,309,1.400,62.830,36.770,36.960,904.170,1104.300
25/06/2018 - 14:53,299,1.360,62.840,36.960,36.840,904.220,1104.360
25/06/2018 - 14:53,301,1.350,62.810,36.990,36.670,904.250,1104.390
25/06/2018 - 14:53,290,1.270,62.790,36.660,36.720,904.210,1104.340
25/06/2018 - 14:54,303,1.300,62.800,36.770,36.840,904.110,1104.220
25/06/2018 - 14:54,309,1.320,62.780,36.790,36.790,904.140,1104.250
25/06/2018 - 14:55,301,1.350,62.790,36.860,36.690,904.140,1104.250
25/06/2018 - 14:55,294,1.380,62.800,37.000,36.630,904.200,1104.330
25/06/2018 - 14:56,295,1.290,62.770,36.900,36.430,904.080,1104.190
25/06/2018 - 14:56,299,1.270,62.760,36.350,37.090,904.180,1104.300
25/06/2018 - 14:57,293,1.370,62.900,36.120,37.850,904.140,1104.250
25/06/2018 - 14:57,299,1.450,62.910,36.460,37.780,904.150,1104.260
25/06/2018 - 14:58,300,1.370,62.870,36.650,37.490,904.130,1104.240
25/06/2018 - 14:58,287,1.350,62.610,36.220,38.200,904.180,1104.310
25/06/2018 - 14:59,300,1.470,57.110,35.870,38.570,904.160,1104.290
25/06/2018 - 14:59,306,1.440,63.020,35.910,38.650,904.110,1104.220
25/06/2018 - 15:00,303,1.480,63.060,35.850,38.600,904.080,1104.190
25/06/2018 - 15:00,304,1.460,63.060,35.800,39.010,904.080,1104.190
25/06/2018 - 15:01,296,1.470,63.040,36.100,38.810,904.170,1104.300
25/06/2018 - 15:01,296,1.390,63.000,36.380,38.410,904.130,1104.250
25/06/2018 - 15:02,308,1.400,62.960,36.460,37.980,904.160,1104.280
25/06/2018 - 15:03,301,1.420,62.980,36.400,38.070,904.060,1104.160
25/06/2018 - 15:03,322,1.390,62.960,36.470,37.950,904.100,1104.210
25/06/2018 - 15:04,306,1.350,62.920,36.700,37.690,904.100,1104.210
25/06/2018 - 15:04,307,1.320,62.870,36.850,37.410,904.030,1104.120
25/06/2018 - 15:05,303,1.310,62.820,36.850,37.390,904.090,1104.190
25/06/2018 - 15:05,287,1.350,62.790,36.850,37.390,904.070,1104.170
25/06/2018 - 15:06,305,1.340,62.810,36.890,37.410,904.120,1104.240
25/06/2018 - 15:06,312,1.340,62.830,36.980,37.250,904.080,1104.180
25/06/2018 - 15:07,302,1.380,62.830,36.930,37.210,904.130,1104.250
25/06/2018 - 15:07,305,1.360,62.970,36.380,37.760,904.100,1104.200
25/06/2018 - 15:08,304,1.410,62.960,36.500,37.980,904.040,1104.140
25/06/2018 - 15:08,302,1.410,62.940,36.420,38.240,904.050,1104.150
25/06/2018 - 15:09,305,1.420,62.930,36.230,38.700,904.060,1104.160
25/06/2018 - 15:09,307,1.360,62.890,36.330,38.690,904.080,1104.190
25/06/2018 - 15:10,303,1.410,62.880,36.600,38.190,904.100,1104.210
25/06/2018 - 15:10,299,1.330,62.900,36.540,38.050,903.980,1104.060
25/06/2018 - 15:11,309,1.400,62.980,35.710,38.350,904.020,1104.110
25/06/2018 - 15:11,314,1.390,62.980,35.790,39.050,904.010,1104.100
25/06/2018 - 15:12,339,1.450,62.970,36.090,38.940,904.060,1104.160
25/06/2018 - 15:12,332,1.420,62.960,36.280,38.750,904.100,1104.210
25/06/2018 - 15:13,327,1.360,62.970,36.070,38.110,904.060,1104.160
25/06/2018 - 15:13,320,1.330,62.980,36.160,37.850,903.980,1104.060
25/06/2018 - 15:14,310,1.320,62.960,36.140,37.780,903.980,1104.060
25/06/2018 - 15:14,310,1.290,62.940,36.130,37.890,904.050,1104.140
25/06/2018 - 15:15,305,1.320,62.920,36.050,38.060,903.960,1104.040
25/06/2018 - 15:15,299,1.260,62.950,36.030,37.610,904.000,1104.090
25/06/2018 - 15:16,294,1.260,62.970,35.600,37.530,903.960,1104.040
25/06/2018 - 15:16,301,1.280,62.960,35.600,37.580,903.960,1104.040
25/06/2018 - 15:17,262,1.330,62.950,35.920,37.290,903.980,1104.070
25/06/2018 - 15:17,278,1.300,62.950,36.230,37.090,903.960,1104.040
25/06/2018 - 15:18,284,1.270,62.950,35.590,37.170,904.050,1104.150
25/06/2018 - 15:18,288,1.270,62.960,36.060,37.170,903.930,1104.000
25/06/2018 - 15:19,294,1.300,62.940,36.300,36.930,903.960,1104.030
25/06/2018 - 15:19,290,1.300,62.990,35.380,37.280,903.910,1103.970
25/06/2018 - 15:20,297,1.310,63.010,35.470,38.170,903.960,1104.040
25/06/2018 - 15:21,303,1.290,63.020,35.220,38.000,903.860,1103.920
25/06/2018 - 15:21,311,1.330,63.000,35.750,37.920,903.940,1104.010
25/06/2018 - 15:22,309,1.410,62.980,35.580,37.790,903.940,1104.020
25/06/2018 - 15:22,295,1.390,63.030,35.820,37.800,903.850,1103.910
25/06/2018 - 15:23,303,1.360,63.050,35.410,38.530,903.870,1103.930
25/06/2018 - 15:24,302,1.440,63.040,35.460,38.400,903.900,1103.970
25/06/2018 - 15:24,295,1.300,63.130,33.860,39.270,903.890,1103.950
25/06/2018 - 15:25,298,1.340,63.160,34.220,39.850,903.840,1103.890
25/06/2018 - 15:25,291,1.300,63.170,34.090,39.960,903.890,1103.960
25/06/2018 - 15:26,296,1.340,63.140,34.740,39.810,903.890,1103.960
25/06/2018 - 15:26,285,1.320,63.160,34.750,39.720,903.870,1103.920
25/06/2018 - 15:27,292,1.320,63.130,35.170,39.330,903.890,1103.950
25/06/2018 - 15:27,292,1.300,63.080,35.250,39.010,903.840,1103.890
25/06/2018 - 15:28,295,1.330,63.050,35.610,38.570,903.910,1103.970
25/06/2018 - 15:28,293,1.360,63.050,35.450,38.360,903.920,1103.980
25/06/2018 - 15:29,295,1.360,63.070,35.470,38.630,903.900,1103.970
25/06/2018 - 15:30,303,1.360,63.070,35.320,38.530,903.860,1103.920
25/06/2018 - 15:30,285,1.310,63.060,35.420,38.670,903.800,1103.840
25/06/2018 - 15:31,293,1.300,63.040,35.250,38.940,903.860,1103.920
25/06/2018 - 15:31,299,1.310,63.020,35.570,38.960,903.870,1103.930
25/06/2018 - 15:32,308,1.320,63.040,35.330,38.710,903.860,1103.910
25/06/2018 - 15:33,291,1.320,63.110,34.220,39.470,903.940,1104.010
25/06/2018 - 15:33,296,1.280,63.130,34.220,39.590,903.960,1104.040
25/06/2018 - 15:34,299,1.290,63.120,34.700,39.580,903.920,1103.990
25/06/2018 - 15:34,298,1.290,63.090,35.100,39.060,903.890,1103.960
25/06/2018 - 15:35,295,1.300,63.100,35.400,38.670,903.800,1103.840
25/06/2018 - 15:35,273,1.310,63.070,35.460,38.290,903.860,1103.920
25/06/2018 - 15:36,287,1.270,63.060,35.610,38.110,903.760,1103.790
25/06/2018 - 15:36,296,1.290,63.030,35.730,37.920,903.810,1103.850
25/06/2018 - 15:37,302,1.300,63.050,35.870,37.680,903.870,1103.930
25/06/2018 - 15:37,294,1.280,63.030,35.600,37.730,903.800,1103.840
25/06/2018 - 15:38,305,1.300,63.020,35.750,37.680,903.790,1103.830
25/06/2018 - 15:38,293,1.290,63.030,35.950,37.500,903.800,1103.840
25/06/2018 - 15:39,300,1.300,62.980,35.720,37.750,903.740,1103.760
25/06/2018 - 15:39,294,1.290,62.990,35.870,37.630,903.710,1103.730
25/06/2018 - 15:40,298,1.280,62.980,35.600,37.850,903.720,1103.740
25/06/2018 - 15:40,304,1.310,63.010,35.470,37.900,903.810,1103.860
25/06/2018 - 15:41,318,1.430,63.080,34.560,38.490,903.830,1103.880
25/06/2018 - 15:41,314,1.340,63.110,34.480,38.940,903.750,1103.780
25/06/2018 - 15:42,307,1.370,63.100,34.960,39.210,903.790,1103.830
25/06/2018 - 15:42,299,1.370,63.120,34.960,39.050,903.760,1103.800
25/06/2018 - 15:43,297,1.250,63.120,35.060,38.910,903.790,1103.830
25/06/2018 - 15:43,287,1.310,63.090,34.920,38.870,903.790,1103.830
25/06/2018 - 15:44,284,1.320,63.090,35.230,38.690,903.730,1103.750
25/06/2018 - 15:44,274,1.320,63.100,35.000,38.690,903.840,1103.890
25/06/2018 - 15:45,310,1.340,63.070,35.220,38.720,903.780,1103.810
25/06/2018 - 15:45,313,1.330,63.080,35.360,38.560,903.710,1103.730
25/06/2018 - 15:46,305,1.330,63.070,35.690,38.200,903.750,1103.780
25/06/2018 - 15:46,306,1.320,63.070,35.130,38.550,903.860,1103.920
25/06/2018 - 15:47,295,1.330,63.070,35.510,38.490,903.730,1103.750
25/06/2018 - 15:47,293,1.370,63.050,35.490,38.360,903.800,1103.840
25/06/2018 - 15:48,303,1.320,63.050,35.220,38.720,903.820,1103.870
25/06/2018 - 15:48,300,1.290,63.040,35.380,38.620,903.780,1103.820
25/06/2018 - 15:49,301,1.360,63.050,35.180,38.610,903.770,1103.810
25/06/2018 - 15:49,307,1.340,63.140,34.430,39.160,903.820,1103.870
25/06/2018 - 15:50,313,1.340,63.140,34.550,39.810,903.800,1103.840
25/06/2018 - 15:50,304,1.360,63.120,34.780,39.740,903.780,1103.820
25/06/2018 - 15:51,307,1.320,63.110,34.920,39.600,903.860,1103.920
25/06/2018 - 15:51,296,1.250,63.080,35.120,39.140,903.750,1103.780
25/06/2018 - 15:52,297,1.270,63.100,33.990,39.720,903.740,1103.770
25/06/2018 - 15:52,288,1.300,63.180,33.430,40.410,903.770,1103.810
25/06/2018 - 15:53,283,1.250,63.190,34.020,40.790,903.750,1103.780
25/06/2018 - 15:53,268,1.270,63.160,34.120,40.390,903.800,1103.850
25/06/2018 - 15:54,278,1.240,63.180,33.370,40.800,903.710,1103.730
25/06/2018 - 15:54,288,1.270,63.180,33.700,41.100,903.730,1103.750
25/06/2018 - 15:55,296,1.230,63.200,33.550,41.520,903.650,1103.660
25/06/2018 - 15:55,297,1.250,63.150,33.870,41.130,903.670,1103.680
25/06/2018 - 15:56,310,1.270,63.150,34.140,40.980,903.750,1103.780
25/06/2018 - 15:56,285,1.290,63.130,34.690,40.390,903.730,1103.750
25/06/2018 - 15:57,292,1.360,63.120,35.030,39.830,903.650,1103.660
25/06/2018 - 15:57,312,1.460,63.170,34.830,39.870,903.770,1103.800
25/06/2018 - 15:58,315,1.490,63.190,35.060,39.700,903.760,1103.790
25/06/2018 - 15:58,318,1.440,63.180,35.070,39.690,903.770,1103.810
25/06/2018 - 15:59,296,1.370,63.170,35.320,39.490,903.700,1103.720
25/06/2018 - 15:59,300,1.370,63.140,35.290,39.400,903.660,1103.670
25/06/2018 - 16:00,314,1.320,63.110,35.470,39.080,903.680,1103.690
25/06/2018 - 16:00,297,1.260,63.050,35.670,38.630,903.720,1103.750
25/06/2018 - 16:01,290,1.280,63.000,35.740,38.330,903.710,1103.740
25/06/2018 - 16:01,296,1.260,62.970,35.620,38.210,903.780,1103.820
25/06/2018 - 16:02,298,1.270,62.930,35.810,38.020,903.690,1103.710
25/06/2018 - 16:02,290,1.250,62.910,35.950,37.750,903.690,1103.710
25/06/2018 - 16:03,295,1.220,62.900,35.590,37.880,903.740,1103.770
25/06/2018 - 16:03,290,1.360,63.000,35.220,38.240,903.680,1103.690
25/06/2018 - 16:04,297,1.360,63.100,35.120,38.550,903.730,1103.750
25/06/2018 - 16:04,300,1.370,63.150,35.320,38.530,903.700,1103.730
25/06/2018 - 16:05,298,1.270,63.120,35.610,38.360,903.750,1103.780
25/06/2018 - 16:05,302,1.250,63.060,35.390,38.290,903.750,1103.780
25/06/2018 - 16:06,301,1.300,63.050,35.610,38.270,903.720,1103.740
25/06/2018 - 16:06,300,1.240,63.030,35.050,38.560,903.750,1103.780
25/06/2018 - 16:07,305,1.270,63.020,35.320,38.550,903.700,1103.730
25/06/2018 - 16:07,297,1.310,63.040,35.370,38.440,903.750,1103.780
25/06/2018 - 16:08,300,1.300,63.060,35.500,38.410,903.730,1103.750
25/06/2018 - 16:08,301,1.310,63.030,35.580,38.270,903.700,1103.720
25/06/2018 - 16:09,311,1.400,63.070,35.600,38.200,903.740,1103.770
25/06/2018 - 16:09,304,1.300,63.130,35.260,38.440,903.660,1103.670
25/06/2018 - 16:10,281,1.380,63.130,35.360,38.580,903.720,1103.740
25/06/2018 - 16:10,267,1.370,63.160,35.230,38.660,903.720,1103.740
25/06/2018 - 16:11,272,1.430,63.190,35.140,38.940,903.750,1103.780
25/06/2018 - 16:11,294,1.370,63.200,35.050,39.050,903.700,1103.720
25/06/2018 - 16:12,305,1.420,63.210,35.270,39.060,903.720,1103.740
25/06/2018 - 16:12,322,1.440,63.220,35.580,38.820,903.700,1103.720
25/06/2018 - 16:13,325,1.430,63.190,35.550,38.630,903.790,1103.830
25/06/2018 - 16:13,321,1.460,63.180,35.740,38.640,903.700,1103.720
25/06/2018 - 16:14,313,1.410,63.180,35.860,38.540,903.670,1103.690
25/06/2018 - 16:14,314,1.360,63.130,35.710,38.750,903.730,1103.750
25/06/2018 - 16:15,304,1.330,63.080,35.700,38.880,903.660,1103.670
25/06/2018 - 16:15,301,1.330,63.060,35.740,38.880,903.700,1103.710
25/06/2018 - 16:16,311,1.320,63.060,35.740,38.750,903.680,1103.690
25/06/2018 - 16:16,309,1.360,63.090,35.900,38.730,903.700,1103.710
25/06/2018 - 16:17,308,1.320,63.060,35.840,38.830,903.690,1103.710
25/06/2018 - 16:17,307,1.290,63.060,35.860,38.750,903.720,1103.740
25/06/2018 - 16:18,299,1.300,63.010,36.020,38.830,903.700,1103.720
25/06/2018 - 16:18,288,1.300,62.990,36.030,38.760,903.680,1103.700
25/06/2018 - 16:19,289,1.310,62.970,35.960,39.010,903.730,1103.750
25/06/2018 - 16:19,293,1.330,62.980,35.720,39.120,903.760,1103.800
25/06/2018 - 16:20,292,1.320,63.010,35.900,39.040,903.760,1103.790
25/06/2018 - 16:20,293,1.320,63.000,36.080,38.780,903.770,1103.810
25/06/2018 - 16:21,298,1.400,63.000,36.140,38.460,903.770,1103.810
25/06/2018 - 16:21,302,1.290,62.990,36.000,38.590,903.690,1103.710
25/06/2018 - 16:22,303,1.250,63.060,34.960,38.940,903.690,1103.700
25/06/2018 - 16:22,303,1.270,63.050,35.180,39.230,903.760,1103.800
25/06/2018 - 16:23,302,1.300,63.040,35.580,39.180,903.790,1103.830
25/06/2018 - 16:23,299,1.280,63.050,35.520,39.180,903.770,1103.810
25/06/2018 - 16:24,295,1.280,63.050,35.610,39.320,903.710,1103.740
25/06/2018 - 16:24,292,1.290,63.050,35.440,39.760,903.760,1103.800
25/06/2018 - 16:25,293,1.360,63.140,35.050,39.810,903.810,1103.850
25/06/2018 - 16:25,298,1.390,63.150,35.530,39.680,903.770,1103.800
25/06/2018 - 16:26,297,1.370,63.140,35.790,39.330,903.740,1103.760
25/06/2018 - 16:26,299,1.340,63.110,35.920,39.010,903.730,1103.750
25/06/2018 - 16:27,307,1.380,63.080,35.630,39.080,903.790,1103.830
25/06/2018 - 16:27,307,1.330,63.130,35.390,39.250,903.720,1103.750
25/06/2018 - 16:28,300,1.280,63.100,35.600,39.380,903.700,1103.720
25/06/2018 - 16:28,290,1.310,63.090,35.430,39.640,903.750,1103.780
25/06/2018 - 16:29,283,1.250,63.090,34.910,39.490,903.740,1103.770
25/06/2018 - 16:29,292,1.300,63.090,35.040,39.530,903.800,1103.840
25/06/2018 - 16:30,292,1.340,63.130,35.200,39.570,903.710,1103.740
25/06/2018 - 16:30,286,1.310,63.120,35.230,39.490,903.770,1103.800
25/06/2018 - 16:31,295,1.320,63.130,35.320,39.610,903.820,1103.870
25/06/2018 - 16:31,285,1.290,63.100,35.530,39.350,903.810,1103.860
25/06/2018 - 16:32,284,1.290,63.050,35.540,39.220,903.810,1103.850
25/06/2018 - 16:32,293,1.290,63.030,35.680,39.090,903.750,1103.780
25/06/2018 - 16:33,302,1.290,63.000,35.700,38.910,903.810,1103.850
25/06/2018 - 16:33,292,1.280,63.010,35.780,38.820,903.770,1103.810
25/06/2018 - 16:34,289,1.300,63.030,35.780,38.780,903.750,1103.780
25/06/2018 - 16:34,290,1.280,63.040,35.710,38.880,903.810,1103.850
25/06/2018 - 16:35,292,1.320,63.100,34.560,39.340,903.760,1103.790
25/06/2018 - 16:35,303,1.320,63.180,34.460,40.180,903.860,1103.910
25/06/2018 - 16:36,292,1.330,63.220,34.430,40.700,903.870,1103.930
25/06/2018 - 16:36,309,1.290,63.210,34.310,40.970,903.830,1103.880
25/06/2018 - 16:37,295,1.300,63.220,34.620,41.030,903.800,1103.840
25/06/2018 - 16:37,293,1.290,63.190,34.730,40.960,903.860,1103.920
25/06/2018 - 16:38,295,1.270,63.190,34.740,40.920,903.770,1103.800
25/06/2018 - 16:38,291,1.270,63.160,34.760,40.910,903.840,1103.900
25/06/2018 - 16:39,282,1.280,63.130,34.950,40.690,903.890,1103.950
25/06/2018 - 16:39,279,1.280,63.090,35.190,40.390,903.880,1103.940
25/06/2018 - 16:40,278,1.270,63.060,35.210,40.300,903.890,1103.950
25/06/2018 - 16:40,276,1.260,63.060,34.980,40.520,903.870,1103.920
25/06/2018 - 16:41,279,1.260,63.050,35.150,40.480,903.850,1103.900
25/06/2018 - 16:41,288,1.280,63.050,35.230,40.390,903.910,1103.980
25/06/2018 - 16:42,297,1.280,63.090,34.710,40.600,903.950,1104.020
25/06/2018 - 16:42,236,1.290,63.090,34.920,40.730,903.910,1103.970
25/06/2018 - 16:43,254,1.280,63.080,35.130,40.410,903.930,1104.000
25/06/2018 - 16:43,261,1.240,63.100,34.490,40.480,903.960,1104.030
25/06/2018 - 16:44,265,1.280,63.090,34.950,40.490,903.900,1103.960
25/06/2018 - 16:44,274,1.270,63.090,35.150,40.270,903.980,1104.070
25/06/2018 - 16:45,270,1.390,63.130,35.120,40.230,903.880,1103.940
25/06/2018 - 16:46,281,1.350,63.100,35.290,40.300,903.990,1104.080
25/06/2018 - 16:47,280,1.270,63.160,34.490,40.360,903.910,1103.970
25/06/2018 - 16:47,284,1.270,63.150,34.700,40.560,903.930,1104.010
25/06/2018 - 16:48,286,1.310,63.200,34.520,40.860,903.870,1103.930
25/06/2018 - 16:48,291,1.300,63.190,34.600,40.990,903.940,1104.010
25/06/2018 - 16:49,286,1.280,63.170,34.670,40.850,903.890,1103.950
25/06/2018 - 16:49,282,1.310,63.150,34.990,40.520,903.860,1103.920
25/06/2018 - 16:50,276,1.290,63.150,35.190,40.220,903.860,1103.910
25/06/2018 - 16:50,285,1.260,63.160,34.800,40.130,903.850,1103.900
25/06/2018 - 16:51,273,1.270,63.150,35.060,40.070,903.800,1103.850
25/06/2018 - 16:51,270,1.280,63.130,35.000,40.210,903.930,1104.000
25/06/2018 - 16:52,271,1.270,63.120,34.890,40.390,903.940,1104.020
25/06/2018 - 16:52,275,1.280,63.140,35.110,40.230,903.930,1104.000
25/06/2018 - 16:53,290,1.290,63.110,35.210,40.080,903.950,1104.030
25/06/2018 - 16:54,299,1.290,63.110,35.090,40.070,903.910,1103.980
25/06/2018 - 16:54,295,1.300,63.110,35.230,39.830,903.920,1103.990
25/06/2018 - 16:55,298,1.300,63.110,35.190,39.850,903.970,1104.060
25/06/2018 - 16:55,294,1.290,63.100,35.380,39.640,903.920,1103.990
25/06/2018 - 16:56,301,1.370,63.100,35.490,39.460,903.940,1104.020
25/06/2018 - 16:56,300,1.460,63.070,35.620,39.340,903.960,1104.040
25/06/2018 - 16:57,286,1.420,63.060,35.530,39.320,904.000,1104.080
25/06/2018 - 16:57,286,1.330,63.050,35.630,39.320,903.930,1104.000
25/06/2018 - 16:58,293,1.330,63.040,35.560,39.350,903.930,1104.010
25/06/2018 - 16:58,292,1.320,63.020,35.400,39.270,903.980,1104.070
25/06/2018 - 16:59,302,1.310,63.010,35.420,39.420,903.960,1104.040
25/06/2018 - 16:59,299,1.330,63.000,35.530,39.510,904.010,1104.100
25/06/2018 - 17:00,301,1.320,62.990,35.650,39.340,903.990,1104.080
25/06/2018 - 17:00,292,1.300,62.970,35.720,39.270,903.990,1104.080
25/06/2018 - 17:01,289,1.310,62.970,35.660,39.340,904.020,1104.110
25/06/2018 - 17:01,288,1.320,62.940,35.820,39.230,904.010,1104.100
25/06/2018 - 17:02,295,1.350,62.930,35.860,39.260,904.000,1104.090
25/06/2018 - 17:02,290,1.450,62.980,35.860,39.230,904.010,1104.100
25/06/2018 - 17:03,311,1.470,63.050,35.820,39.120,904.060,1104.160
25/06/2018 - 17:03,300,1.430,63.070,35.900,39.050,904.070,1104.170
25/06/2018 - 17:04,308,1.410,63.070,35.920,38.970,904.080,1104.190
25/06/2018 - 17:04,300,1.420,63.060,35.970,38.870,904.080,1104.190
25/06/2018 - 17:05,298,1.360,63.050,35.860,38.910,904.070,1104.170
25/06/2018 - 17:05,302,1.520,63.070,35.620,39.140,904.110,1104.220
25/06/2018 - 17:06,294,1.470,63.100,35.540,39.370,904.090,1104.200
25/06/2018 - 17:06,303,1.430,63.090,35.770,39.330,904.100,1104.210
25/06/2018 - 17:07,315,1.480,63.070,35.890,39.140,904.110,1104.220
25/06/2018 - 17:07,313,1.520,63.070,35.820,39.120,904.110,1104.220
25/06/2018 - 17:08,305,1.520,63.050,35.750,39.230,904.130,1104.250
25/06/2018 - 17:08,288,1.510,63.030,35.900,39.170,904.150,1104.270
25/06/2018 - 17:09,271,1.380,63.040,35.520,39.420,904.160,1104.280
25/06/2018 - 17:09,285,1.450,63.030,35.660,39.620,904.140,1104.260
25/06/2018 - 17:10,295,1.400,63.030,35.810,39.460,904.140,1104.260
25/06/2018 - 17:10,252,1.340,63.010,35.850,39.120,904.080,1104.190
25/06/2018 - 17:11,256,1.510,63.050,34.850,39.390,904.110,1104.220
25/06/2018 - 17:11,317,1.410,63.100,35.160,39.640,904.120,1104.230
25/06/2018 - 17:12,315,1.410,63.100,35.410,39.420,904.070,1104.180
25/06/2018 - 17:12,311,1.370,63.070,35.600,39.100,904.090,1104.200
25/06/2018 - 17:13,304,1.360,63.070,35.350,39.060,904.140,1104.260
25/06/2018 - 17:13,300,1.320,63.060,35.190,39.160,904.170,1104.300
25/06/2018 - 17:14,304,1.340,63.040,35.390,39.220,904.130,1104.250
25/06/2018 - 17:14,303,1.360,63.070,35.560,39.070,904.170,1104.300
25/06/2018 - 17:15,306,1.390,63.100,35.660,38.930,904.170,1104.290
25/06/2018 - 17:15,302,1.350,63.100,35.790,38.780,904.160,1104.280
25/06/2018 - 17:16,296,1.320,63.060,35.660,38.790,904.160,1104.280
25/06/2018 - 17:16,288,1.330,63.070,35.490,39.180,904.170,1104.300
25/06/2018 - 17:17,291,1.300,63.070,34.980,39.240,904.260,1104.400
25/06/2018 - 17:17,300,1.250,63.100,34.280,39.170,904.090,1104.190
25/06/2018 - 17:18,290,1.330,63.110,34.640,39.510,904.110,1104.220
25/06/2018 - 17:18,290,1.310,63.100,35.010,39.430,904.120,1104.240
25/06/2018 - 17:19,281,1.310,63.080,35.270,39.160,904.010,1104.100
25/06/2018 - 17:19,289,1.330,63.060,35.410,39.010,904.070,1104.170
25/06/2018 - 17:20,291,1.320,63.050,35.540,38.770,904.020,1104.110
25/06/2018 - 17:20,299,1.340,63.020,35.700,38.380,904.120,1104.230
25/06/2018 - 17:21,300,1.330,63.000,35.740,38.200,904.050,1104.140
25/06/2018 - 17:21,303,1.300,62.990,35.700,38.080,904.090,1104.200
25/06/2018 - 17:22,303,1.420,63.100,35.130,38.630,904.030,1104.120
25/06/2018 - 17:22,305,1.470,63.140,35.220,38.830,904.080,1104.180
25/06/2018 - 17:23,308,1.440,63.160,35.270,38.950,904.000,1104.090
25/06/2018 - 17:23,311,1.400,63.130,35.430,38.810,904.000,1104.090
25/06/2018 - 17:24,315,1.370,63.120,35.490,38.560,904.020,1104.110
25/06/2018 - 17:24,302,1.320,63.060,35.460,38.240,904.060,1104.160
25/06/2018 - 17:25,307,1.380,63.090,35.500,38.120,904.040,1104.130
25/06/2018 - 17:25,313,1.410,63.100,35.620,38.040,903.970,1104.050
25/06/2018 - 17:26,307,1.410,63.110,35.770,37.850,904.050,1104.140
25/06/2018 - 17:26,313,1.380,63.100,35.820,37.720,904.030,1104.120
25/06/2018 - 17:27,308,1.340,63.100,35.860,37.580,904.030,1104.120
25/06/2018 - 17:27,312,1.420,63.080,35.860,37.370,904.090,1104.200
25/06/2018 - 17:28,311,1.320,63.090,35.920,37.190,904.040,1104.140
25/06/2018 - 17:28,329,1.310,63.060,35.950,36.980,904.070,1104.170
25/06/2018 - 17:29,323,1.300,63.030,35.870,36.890,904.070,1104.170
25/06/2018 - 17:29,319,1.280,63.010,35.900,36.960,904.110,1104.220
25/06/2018 - 17:30,293,1.280,63.020,35.800,37.000,904.060,1104.160
25/06/2018 - 17:30,301,1.320,63.020,35.830,37.030,904.070,1104.170
25/06/2018 - 17:31,314,1.390,63.030,35.920,37.010,904.080,1104.180
25/06/2018 - 17:31,310,1.390,63.020,35.850,36.960,904.110,1104.220
25/06/2018 - 17:32,289,1.360,63.000,35.940,37.030,904.090,1104.190
25/06/2018 - 17:32,307,1.410,63.040,35.620,37.250,904.150,1104.280
25/06/2018 - 17:33,320,1.270,63.060,35.520,37.270,904.100,1104.210
25/06/2018 - 17:33,327,1.340,63.050,35.500,37.400,904.110,1104.220
25/06/2018 - 17:34,313,1.330,63.050,35.520,37.420,904.090,1104.200
25/06/2018 - 17:35,309,1.330,63.050,35.510,37.540,904.130,1104.250
25/06/2018 - 17:35,300,1.340,63.040,35.680,37.460,904.100,1104.210
25/06/2018 - 17:36,300,1.340,63.030,35.780,37.330,904.080,1104.180
25/06/2018 - 17:36,307,1.310,63.030,35.710,37.420,904.120,1104.240
25/06/2018 - 17:37,302,1.290,63.010,35.620,37.390,904.130,1104.250
25/06/2018 - 17:37,301,1.300,63.030,35.380,37.590,904.100,1104.210
25/06/2018 - 17:38,295,1.340,63.030,35.480,37.850,904.130,1104.240
25/06/2018 - 17:38,301,1.340,63.030,35.580,37.800,904.120,1104.240
25/06/2018 - 17:39,301,1.330,63.040,35.680,37.620,904.060,1104.170
25/06/2018 - 17:39,308,1.310,63.030,35.570,37.530,904.170,1104.300
25/06/2018 - 17:40,301,1.290,63.020,35.480,37.540,904.190,1104.320
25/06/2018 - 17:40,295,1.280,63.010,35.460,37.680,904.120,1104.230
25/06/2018 - 17:41,242,1.280,63.020,35.420,37.710,904.060,1104.160
25/06/2018 - 17:41,271,1.290,63.000,35.530,37.680,904.100,1104.210
25/06/2018 - 17:42,278,1.260,62.980,35.590,37.590,904.120,1104.240
25/06/2018 - 17:42,288,1.350,63.080,35.140,37.910,904.090,1104.200
25/06/2018 - 17:43,299,1.430,63.120,35.340,38.000,904.110,1104.220
25/06/2018 - 17:43,291,1.370,63.130,35.400,37.950,904.160,1104.280
25/06/2018 - 17:44,298,1.280,63.110,35.370,38.030,904.240,1104.370
25/06/2018 - 17:44,301,1.340,63.120,34.720,38.620,904.170,1104.290
25/06/2018 - 17:45,301,1.330,63.170,34.740,38.750,904.140,1104.260
25/06/2018 - 17:45,307,1.350,63.180,35.000,38.780,904.130,1104.240
25/06/2018 - 17:46,303,1.290,63.180,34.560,38.920,904.240,1104.380
25/06/2018 - 17:46,292,1.310,63.160,34.860,39.030,904.250,1104.390
25/06/2018 - 17:47,292,1.320,63.150,34.920,38.980,904.260,1104.400
25/06/2018 - 17:47,301,1.300,63.160,35.090,38.820,904.170,1104.290
25/06/2018 - 17:48,298,1.330,63.130,35.060,38.760,904.210,1104.350
25/06/2018 - 17:48,298,1.250,63.120,34.430,38.900,904.210,1104.340
25/06/2018 - 17:49,297,1.300,63.140,34.410,39.360,904.170,1104.290
25/06/2018 - 17:49,309,1.270,63.120,34.640,39.460,904.170,1104.290
1530256003,1564,1.610,62.230,34.950,42.760,905.890,1106.400
1530256034,1623,1.610,62.250,34.860,42.320,905.840,1106.330
1530256064,1609,1.610,62.270,34.770,41.950,905.810,1106.300
1530256093,1628,1.610,62.270,34.720,42.360,905.810,1106.300
1530256123,1659,1.620,62.250,34.960,42.650,905.830,1106.320
1530256154,1597,1.620,62.230,35.100,42.830,905.750,1106.230
1530256185,1627,1.610,62.230,35.090,43.160,905.800,1106.280
1530256215,1647,1.620,62.210,35.120,43.430,905.750,1106.220
1530603819,623,2.880,0.140,32.590,60.730,2.000,3.000
1530603849,654,2.790,0.130,32.620,61.210,2.000,3.000
1530603879,637,2.820,0.130,32.620,60.730,2.000,3.000
1530603909,631,4.000,0.150,32.570,61.120,3.000,4.000
1530603940,620,3.390,0.160,32.530,61.050,2.000,3.000
1530603969,611,3.400,0.160,32.550,60.960,3.000,4.000
1530862545,1418,3.540,0.000,36.170,45.290,4.000,5.000
1530862575,1411,3.560,0.000,36.230,45.120,4.000,5.000
1530862604,1406,3.560,0.000,36.310,44.990,4.000,5.000
1530862665,1381,3.570,0.000,36.460,44.700,3.000,4.000
1530862694,1367,3.590,0.000,36.530,44.590,4.000,5.000
1530862724,1356,3.590,0.000,36.550,44.590,4.000,5.000
1530862754,1351,3.600,0.000,36.650,44.410,4.000,5.000
1530862783,1350,3.610,0.000,36.680,44.370,4.000,5.000
1530862812,1342,3.610,0.000,36.650,44.300,4.000,5.000
1530862841,1331,3.620,0.000,36.620,44.480,4.000,5.000
1530862871,1326,3.620,0.000,36.740,44.410,4.000,5.000
1530862901,1325,3.650,0.000,36.850,44.570,3.000,4.000
1530862931,1319,3.660,0.000,36.930,44.390,4.000,5.000
1530862962,1325,3.630,0.000,37.000,43.930,4.000,5.000
1530862993,1329,3.650,0.000,37.070,44.110,4.000,5.000
1530874770,762,3.900,0.000,29.660,64.160,2.000,3.000
1530874831,752,3.890,0.000,29.510,63.500,2.000,3.000
1530874860,758,3.890,0.000,29.510,63.410,2.000,3.000
1530874890,766,3.900,0.000,29.650,63.320,2.000,3.000
1530874921,764,3.900,0.000,29.770,64.210,2.000,3.000
1530874952,756,3.910,0.000,29.910,64.790,2.000,3.000
1530874980,758,3.900,0.000,29.940,65.350,3.000,4.000
1530875011,768,3.900,0.000,29.960,65.710,2.000,3.000
1530875042,761,3.890,0.000,29.770,66.090,2.000,3.000
1530875073,772,3.850,0.000,29.380,67.400,2.000,3.000
1530875101,762,3.840,0.000,29.780,67.250,2.000,3.000
1530875132,769,3.860,0.000,29.790,67.220,2.000,3.000
1530875162,772,3.950,0.000,29.990,68.690,2.000,3.000
1532429353,436,1.600,0.640,33.860,57.090,4.000,5.000
1532498497,407,1.360,1.360,31.320,58.810,3.000,4.000
1532498527,414,1.820,1.320,31.570,59.020,3.000,4.000
1532498556,418,1.470,1.290,31.540,58.870,3.000,4.000
1532498617,404,1.600,1.330,31.530,59.470,3.000,4.000
1532498647,410,2.020,1.300,31.840,58.990,3.000,4.000
1532498676,401,0.950,1.210,31.530,59.440,2.000,3.000
1532498737,419,0.780,1.280,31.440,58.390,3.000,4.000
1532498767,423,1.540,1.320,31.430,58.660,3.000,4.000
1532498798,410,1.930,1.330,31.780,58.710,3.000,4.000
1532498827,421,1.790,1.220,32.170,58.330,3.000,4.000
1532498856,407,1.520,1.150,32.320,58.300,2.000,3.000
1532498886,415,3.900,1.170,32.220,58.210,3.000,4.000
1532498916,422,3.010,1.130,32.320,58.150,2.000,3.000
1532498947,425,1.710,1.070,32.290,58.900,2.000,3.000
1532498977,419,3.600,1.070,32.290,58.830,3.000,4.000
1532499007,420,2.280,1.100,31.660,58.570,3.000,4.000
1532499038,406,1.980,1.240,31.530,58.690,2.000,3.000
1532499067,416,2.940,1.310,31.600,58.690,3.000,4.000
1532499097,420,2.790,1.320,31.630,58.390,3.000,4.000
1532499126,421,3.260,1.320,31.700,58.900,3.000,4.000
1532499157,420,4.020,1.320,31.700,58.780,3.000,4.000
1532499186,416,2.000,1.230,31.580,58.720,3.000,4.000
1532499216,419,1.190,1.260,31.190,58.870,3.000,4.000
1532499247,412,1.610,1.230,31.510,58.690,3.000,4.000
1532499278,413,1.490,1.210,31.810,58.410,3.000,4.000
1532499308,412,1.640,1.140,31.990,58.510,2.000,3.000
